lname,fname
AYADeOCLZ8QhEBai7XX1HpNLJZgAXwABABVhd3MtY3J5cHRvLXB1YmxpYy1rZXkAREF6WkN6czYxdXZRbHVBR3FzS0ZGV2dlZVpNbDMza2lBMzBGMEVMbXVpYTYxeEsrQXRyY3RLSHNVYllZQ3NwQmk1Zz09AAEAB2F3cy1rbXMAS2Fybjphd3M6a21zOnVzLWVhc3QtMTo2ODkzNTQzNzYzMDI6a2V5LzRlMGMxMGRkLTg2ZWYtNGU1OC1iZDk1LTgyNTcwOTM0MmYyMAC4AQIBAHi2EEOe0a0TvMFN6pvPnvBNIu736fvQVehyE/JM3t60sAGSJnp+G2DoyIc0PxiA2qBwAAAAfjB8BgkqhkiG9w0BBwagbzBtAgEAMGgGCSqGSIb3DQEHATAeBglghkgBZQMEAS4wEQQMVBwIuQ0yctDf+CGxAgEQgDvBBNOwam8ot05aTv+14gYAuwCgiHQeLu5EBtzMFCya4tVr1rQ4D4Mx28vnN8NrY5GGtEDPT8dbD/yi/wIAAAAADAAAEAAAAAAAAAAAAAAAAAA+ABxQ7o7tsRBc2NfZiamx/////wAAAAEAAAAAAAAAAAAAAAEAAAAF64SNk5AiRsJTGgctS0HEKJFQ0ZwTAGcwZQIxAK0RjETAm9m40ExAM4KhSjSs4tpmUFS6WtBPd8+46dHdGQWfRWB75MGmGlT52R2NQwIwRb7tM+A063+AqiXabxbilGjOfdTaLpngOiPa8iacYRNIHYUGV1sNpOHzkPapOTE/,AYADeCeodMQaBnQ0LdzM1ShxPO8AXwABABVhd3MtY3J5cHRvLXB1YmxpYy1rZXkAREF6WkN6czYxdXZRbHVBR3FzS0ZGV2dlZVpNbDMza2lBMzBGMEVMbXVpYTYxeEsrQXRyY3RLSHNVYllZQ3NwQmk1Zz09AAEAB2F3cy1rbXMAS2Fybjphd3M6a21zOnVzLWVhc3QtMTo2ODkzNTQzNzYzMDI6a2V5LzRlMGMxMGRkLTg2ZWYtNGU1OC1iZDk1LTgyNTcwOTM0MmYyMAC4AQIBAHi2EEOe0a0TvMFN6pvPnvBNIu736fvQVehyE/JM3t60sAGSJnp+G2DoyIc0PxiA2qBwAAAAfjB8BgkqhkiG9w0BBwagbzBtAgEAMGgGCSqGSIb3DQEHATAeBglghkgBZQMEAS4wEQQMVBwIuQ0yctDf+CGxAgEQgDvBBNOwam8ot05aTv+14gYAuwCgiHQeLu5EBtzMFCya4tVr1rQ4D4Mx28vnN8NrY5GGtEDPT8dbD/yi/wIAAAAADAAAEAAAAAAAAAAAAAAAAAAlzCn5rUPebBkDOmLRL+H4/////wAAAAEAAAAAAAAAAAAAAAEAAAAHKqao0htrRZXhPAroB7BjqFvJw/sVAlkAZzBlAjA8Wvu48ih7H64H0gn99kHe4VBTimfMiJJzQZfHpczFmB1mmysZ3LlgLAxiFUxc1n4CMQCotONPUqEHpSRqTQqGp8zz2UqJ5Bt4buam/6ReW20A2g/hu57i823Kv1I3YyS67ko=
AYADeDmaLpwCVaxpbwkRXQunFPAAXwABABVhd3MtY3J5cHRvLXB1YmxpYy1rZXkAREF6WkN6czYxdXZRbHVBR3FzS0ZGV2dlZVpNbDMza2lBMzBGMEVMbXVpYTYxeEsrQXRyY3RLSHNVYllZQ3NwQmk1Zz09AAEAB2F3cy1rbXMAS2Fybjphd3M6a21zOnVzLWVhc3QtMTo2ODkzNTQzNzYzMDI6a2V5LzRlMGMxMGRkLTg2ZWYtNGU1OC1iZDk1LTgyNTcwOTM0MmYyMAC4AQIBAHi2EEOe0a0TvMFN6pvPnvBNIu736fvQVehyE/JM3t60sAGSJnp+G2DoyIc0PxiA2qBwAAAAfjB8BgkqhkiG9w0BBwagbzBtAgEAMGgGCSqGSIb3DQEHATAeBglghkgBZQMEAS4wEQQMVBwIuQ0yctDf+CGxAgEQgDvBBNOwam8ot05aTv+14gYAuwCgiHQeLu5EBtzMFCya4tVr1rQ4D4Mx28vnN8NrY5GGtEDPT8dbD/yi/wIAAAAADAAAEAAAAAAAAAAAAAAAAABHKJIrSQzUyFDmRAmAXy7Y/////wAAAAEAAAAAAAAAAAAAAAEAAAAGw5SyReL2EzwM1/dDQA++92HMElv14ABnMGUCMFBHFCAdHsCSjZpFBPRHKkBkwiIpw4k1nGkWOqiJwPXd+oqVwe98QNFJB9vdBE6GpwIxALU7MDs7K2Di9stlPimWs2BER7RTIT3ujwDsozpYxPVghXpRi0fO00v47b3Ompeo8Q==,AYADeMT5Kvb8lKxdI2y7k6lF9XcAXwABABVhd3MtY3J5cHRvLXB1YmxpYy1rZXkAREF6WkN6czYxdXZRbHVBR3FzS0ZGV2dlZVpNbDMza2lBMzBGMEVMbXVpYTYxeEsrQXRyY3RLSHNVYllZQ3NwQmk1Zz09AAEAB2F3cy1rbXMAS2Fybjphd3M6a21zOnVzLWVhc3QtMTo2ODkzNTQzNzYzMDI6a2V5LzRlMGMxMGRkLTg2ZWYtNGU1OC1iZDk1LTgyNTcwOTM0MmYyMAC4AQIBAHi2EEOe0a0TvMFN6pvPnvBNIu736fvQVehyE/JM3t60sAGSJnp+G2DoyIc0PxiA2qBwAAAAfjB8BgkqhkiG9w0BBwagbzBtAgEAMGgGCSqGSIb3DQEHATAeBglghkgBZQMEAS4wEQQMVBwIuQ0yctDf+CGxAgEQgDvBBNOwam8ot05aTv+14gYAuwCgiHQeLu5EBtzMFCya4tVr1rQ4D4Mx28vnN8NrY5GGtEDPT8dbD/yi/wIAAAAADAAAEAAAAAAAAAAAAAAAAABtA1yQTCSdXu6dO90zVBpy/////wAAAAEAAAAAAAAAAAAAAAEAAAAGEg7yBk6FrKBdIEFzAPAGv5fm1ApxDgBnMGUCMQCnP340agI3thIu6fuRPbBIV51Qu/OeC8s2x+oaHxSbxKjycsOVWVjAjW1ubP4P9VoCMEJZsc3Fcpk3Fvu0iAXv4CLn3pRquZIpQoLz7trMPgScy190VEDK698GWJH48lNBmg==
AYADeGfz72Pz10U+vgm5LCbw02cAXwABABVhd3MtY3J5cHRvLXB1YmxpYy1rZXkAREF6WkN6czYxdXZRbHVBR3FzS0ZGV2dlZVpNbDMza2lBMzBGMEVMbXVpYTYxeEsrQXRyY3RLSHNVYllZQ3NwQmk1Zz09AAEAB2F3cy1rbXMAS2Fybjphd3M6a21zOnVzLWVhc3QtMTo2ODkzNTQzNzYzMDI6a2V5LzRlMGMxMGRkLTg2ZWYtNGU1OC1iZDk1LTgyNTcwOTM0MmYyMAC4AQIBAHi2EEOe0a0TvMFN6pvPnvBNIu736fvQVehyE/JM3t60sAGSJnp+G2DoyIc0PxiA2qBwAAAAfjB8BgkqhkiG9w0BBwagbzBtAgEAMGgGCSqGSIb3DQEHATAeBglghkgBZQMEAS4wEQQMVBwIuQ0yctDf+CGxAgEQgDvBBNOwam8ot05aTv+14gYAuwCgiHQeLu5EBtzMFCya4tVr1rQ4D4Mx28vnN8NrY5GGtEDPT8dbD/yi/wIAAAAADAAAEAAAAAAAAAAAAAAAAADF3fXTo6XSByJcFZAzrPr6/////wAAAAEAAAAAAAAAAAAAAAEAAAAFM1VvhdqC+SRKxdD1eGbxoidZmsdOAGcwZQIxAPIhh5FP5vJRT9htBHq0X4Viu0jKTAaF95nvEPjeakwLdYz0ieaIXAXj+bF1nChdDwIwKq+zMLmqTQoKXsoaZ+ce6bMMNrvFp2qQrHcMhkmfls6hHoM5hkIQxKTYjtKFhM78,AYADeHaqBeADLnvZ452Nd24B3AwAXwABABVhd3MtY3J5cHRvLXB1YmxpYy1rZXkAREF6WkN6czYxdXZRbHVBR3FzS0ZGV2dlZVpNbDMza2lBMzBGMEVMbXVpYTYxeEsrQXRyY3RLSHNVYllZQ3NwQmk1Zz09AAEAB2F3cy1rbXMAS2Fybjphd3M6a21zOnVzLWVhc3QtMTo2ODkzNTQzNzYzMDI6a2V5LzRlMGMxMGRkLTg2ZWYtNGU1OC1iZDk1LTgyNTcwOTM0MmYyMAC4AQIBAHi2EEOe0a0TvMFN6pvPnvBNIu736fvQVehyE/JM3t60sAGSJnp+G2DoyIc0PxiA2qBwAAAAfjB8BgkqhkiG9w0BBwagbzBtAgEAMGgGCSqGSIb3DQEHATAeBglghkgBZQMEAS4wEQQMVBwIuQ0yctDf+CGxAgEQgDvBBNOwam8ot05aTv+14gYAuwCgiHQeLu5EBtzMFCya4tVr1rQ4D4Mx28vnN8NrY5GGtEDPT8dbD/yi/wIAAAAADAAAEAAAAAAAAAAAAAAAAADK/SEl2IOFtqL57RbMhvp8/////wAAAAEAAAAAAAAAAAAAAAEAAAAIaJkdjYgxeHBr4vYjCm+4BNtQEiT3piJwAGcwZQIxALuMrlkjZUz8DTstwE1QYmMNB+t5f73gSnibO3RhanTDyexFBFxbiO0fZCH4WGQz4AIwelyOzjeoBbKLaYFHeeWw+eKVr4zKY1smzENsSf3cPryBEOkCsSA2sDq4+sIFeoTD
AYADeHk4afo2z92E9kip6OgryB4AXwABABVhd3MtY3J5cHRvLXB1YmxpYy1rZXkAREF6WkN6czYxdXZRbHVBR3FzS0ZGV2dlZVpNbDMza2lBMzBGMEVMbXVpYTYxeEsrQXRyY3RLSHNVYllZQ3NwQmk1Zz09AAEAB2F3cy1rbXMAS2Fybjphd3M6a21zOnVzLWVhc3QtMTo2ODkzNTQzNzYzMDI6a2V5LzRlMGMxMGRkLTg2ZWYtNGU1OC1iZDk1LTgyNTcwOTM0MmYyMAC4AQIBAHi2EEOe0a0TvMFN6pvPnvBNIu736fvQVehyE/JM3t60sAGSJnp+G2DoyIc0PxiA2qBwAAAAfjB8BgkqhkiG9w0BBwagbzBtAgEAMGgGCSqGSIb3DQEHATAeBglghkgBZQMEAS4wEQQMVBwIuQ0yctDf+CGxAgEQgDvBBNOwam8ot05aTv+14gYAuwCgiHQeLu5EBtzMFCya4tVr1rQ4D4Mx28vnN8NrY5GGtEDPT8dbD/yi/wIAAAAADAAAEAAAAAAAAAAAAAAAAACVslKXA9R6dvdOdsykbFaA/////wAAAAEAAAAAAAAAAAAAAAEAAAAG+6w01IwOsdNHgPQeSDBk+qzE0nsxtQBnMGUCMA7g0rMU/IbEHTwe8/5EzN2UERKEZbaj9dZ4WYfhVdCyLfAnnbpDdOPV6KTrm8tewwIxAIUbe1NhQvFIFxicFXEVil1Y8DtKz/HnmYhFkzQK/xT8L1HPuyf0x9tSEmpI8ljo2g==,AYADeGD/GM/mbRyQID3wFF1fTHsAXwABABVhd3MtY3J5cHRvLXB1YmxpYy1rZXkAREF6WkN6czYxdXZRbHVBR3FzS0ZGV2dlZVpNbDMza2lBMzBGMEVMbXVpYTYxeEsrQXRyY3RLSHNVYllZQ3NwQmk1Zz09AAEAB2F3cy1rbXMAS2Fybjphd3M6a21zOnVzLWVhc3QtMTo2ODkzNTQzNzYzMDI6a2V5LzRlMGMxMGRkLTg2ZWYtNGU1OC1iZDk1LTgyNTcwOTM0MmYyMAC4AQIBAHi2EEOe0a0TvMFN6pvPnvBNIu736fvQVehyE/JM3t60sAGSJnp+G2DoyIc0PxiA2qBwAAAAfjB8BgkqhkiG9w0BBwagbzBtAgEAMGgGCSqGSIb3DQEHATAeBglghkgBZQMEAS4wEQQMVBwIuQ0yctDf+CGxAgEQgDvBBNOwam8ot05aTv+14gYAuwCgiHQeLu5EBtzMFCya4tVr1rQ4D4Mx28vnN8NrY5GGtEDPT8dbD/yi/wIAAAAADAAAEAAAAAAAAAAAAAAAAADJZtoLRK8/8kwbxvt1LRaE/////wAAAAEAAAAAAAAAAAAAAAEAAAAG3ilCkeIZtSbKqueyyo/4e9IKAiU6HQBnMGUCMFHI1J2U95tz3aZQ215OXzQBDwcbXVRAh3+pOD4mfmXonaOmnuPWyCOOdIFtpMQ6KgIxALGzLOd2wBfJcbgkMXLdCq5wrhsnvn8MZhYBD29QFAUZwP88mEJXqWbM2HEVyKdFzg==
AYADeEjpA6fTc1zTJ0CRg/1recQAXwABABVhd3MtY3J5cHRvLXB1YmxpYy1rZXkAREF6WkN6czYxdXZRbHVBR3FzS0ZGV2dlZVpNbDMza2lBMzBGMEVMbXVpYTYxeEsrQXRyY3RLSHNVYllZQ3NwQmk1Zz09AAEAB2F3cy1rbXMAS2Fybjphd3M6a21zOnVzLWVhc3QtMTo2ODkzNTQzNzYzMDI6a2V5LzRlMGMxMGRkLTg2ZWYtNGU1OC1iZDk1LTgyNTcwOTM0MmYyMAC4AQIBAHi2EEOe0a0TvMFN6pvPnvBNIu736fvQVehyE/JM3t60sAGSJnp+G2DoyIc0PxiA2qBwAAAAfjB8BgkqhkiG9w0BBwagbzBtAgEAMGgGCSqGSIb3DQEHATAeBglghkgBZQMEAS4wEQQMVBwIuQ0yctDf+CGxAgEQgDvBBNOwam8ot05aTv+14gYAuwCgiHQeLu5EBtzMFCya4tVr1rQ4D4Mx28vnN8NrY5GGtEDPT8dbD/yi/wIAAAAADAAAEAAAAAAAAAAAAAAAAABbnHPVTujvfqYxDYdZwjdf/////wAAAAEAAAAAAAAAAAAAAAEAAAAGzDG9pg10UjJgjGK3fKuvOunlWucoJQBnMGUCMQCTV7WcC3IUsO9HVGwwVbdKd8DmvS5/xrvk1frs00LL3+tlyRRztUoJ4pZQtfQb9o0CMC1o7h+M50Lbc/xMdXBOS81NCw/1P6PD6rFZm0E8PTCYpFw+1x9H4l2vllmr2KLA2A==,AYADeAjIu/1BrsHpwqE0rv2OC2kAXwABABVhd3MtY3J5cHRvLXB1YmxpYy1rZXkAREF6WkN6czYxdXZRbHVBR3FzS0ZGV2dlZVpNbDMza2lBMzBGMEVMbXVpYTYxeEsrQXRyY3RLSHNVYllZQ3NwQmk1Zz09AAEAB2F3cy1rbXMAS2Fybjphd3M6a21zOnVzLWVhc3QtMTo2ODkzNTQzNzYzMDI6a2V5LzRlMGMxMGRkLTg2ZWYtNGU1OC1iZDk1LTgyNTcwOTM0MmYyMAC4AQIBAHi2EEOe0a0TvMFN6pvPnvBNIu736fvQVehyE/JM3t60sAGSJnp+G2DoyIc0PxiA2qBwAAAAfjB8BgkqhkiG9w0BBwagbzBtAgEAMGgGCSqGSIb3DQEHATAeBglghkgBZQMEAS4wEQQMVBwIuQ0yctDf+CGxAgEQgDvBBNOwam8ot05aTv+14gYAuwCgiHQeLu5EBtzMFCya4tVr1rQ4D4Mx28vnN8NrY5GGtEDPT8dbD/yi/wIAAAAADAAAEAAAAAAAAAAAAAAAAADfpYZ9tTP4ToGcU22NMT+a/////wAAAAEAAAAAAAAAAAAAAAEAAAAGFx9IFyWRPt/NFK1zbHAaHsrnFKYrQwBnMGUCMGdoNd6ijf0pG6JNy1z1iSFaWjAEs6P1YGjtnrY3pK/jGfwVzVXUml1L9lZyW4VkggIxAMgCZ6bI4r28Tw1La3JrZmJ0x3EtP2J9U5aT3NufuZGcepqrgGlIYyJqYXj33e/gfA==
AYADeKPR9BOcWZv7pMizxrDznDsAXwABABVhd3MtY3J5cHRvLXB1YmxpYy1rZXkAREF6WkN6czYxdXZRbHVBR3FzS0ZGV2dlZVpNbDMza2lBMzBGMEVMbXVpYTYxeEsrQXRyY3RLSHNVYllZQ3NwQmk1Zz09AAEAB2F3cy1rbXMAS2Fybjphd3M6a21zOnVzLWVhc3QtMTo2ODkzNTQzNzYzMDI6a2V5LzRlMGMxMGRkLTg2ZWYtNGU1OC1iZDk1LTgyNTcwOTM0MmYyMAC4AQIBAHi2EEOe0a0TvMFN6pvPnvBNIu736fvQVehyE/JM3t60sAGSJnp+G2DoyIc0PxiA2qBwAAAAfjB8BgkqhkiG9w0BBwagbzBtAgEAMGgGCSqGSIb3DQEHATAeBglghkgBZQMEAS4wEQQMVBwIuQ0yctDf+CGxAgEQgDvBBNOwam8ot05aTv+14gYAuwCgiHQeLu5EBtzMFCya4tVr1rQ4D4Mx28vnN8NrY5GGtEDPT8dbD/yi/wIAAAAADAAAEAAAAAAAAAAAAAAAAACvEaDmZPS+yiczoZeKeYME/////wAAAAEAAAAAAAAAAAAAAAEAAAAH9cqGUk8nG1uyW5dMPxCiwjbos0TYSuUAZzBlAjA2EoUKGV/scvAkQaTopAKuJeDpK3UVAbdQqJYootYFmG6Rbxi/naBzDugKm1oPfN8CMQCYzMlWxeofT9APfhGw0SXz8Es+sJPpNRQHicwX3T9H2mwXaqnqBOsvXdTav5ONhwY=,AYADePEeYo6/YezB4ymXHOC9gekAXwABABVhd3MtY3J5cHRvLXB1YmxpYy1rZXkAREF6WkN6czYxdXZRbHVBR3FzS0ZGV2dlZVpNbDMza2lBMzBGMEVMbXVpYTYxeEsrQXRyY3RLSHNVYllZQ3NwQmk1Zz09AAEAB2F3cy1rbXMAS2Fybjphd3M6a21zOnVzLWVhc3QtMTo2ODkzNTQzNzYzMDI6a2V5LzRlMGMxMGRkLTg2ZWYtNGU1OC1iZDk1LTgyNTcwOTM0MmYyMAC4AQIBAHi2EEOe0a0TvMFN6pvPnvBNIu736fvQVehyE/JM3t60sAGSJnp+G2DoyIc0PxiA2qBwAAAAfjB8BgkqhkiG9w0BBwagbzBtAgEAMGgGCSqGSIb3DQEHATAeBglghkgBZQMEAS4wEQQMVBwIuQ0yctDf+CGxAgEQgDvBBNOwam8ot05aTv+14gYAuwCgiHQeLu5EBtzMFCya4tVr1rQ4D4Mx28vnN8NrY5GGtEDPT8dbD/yi/wIAAAAADAAAEAAAAAAAAAAAAAAAAAAdnk6gzFrjxlGWM4Hw9ALz/////wAAAAEAAAAAAAAAAAAAAAEAAAAFiogzURf6w7FV6QhUsNllmZ7DpZfWAGcwZQIwLC1tYnlnVxD0E2lxnymAPf7v2OIOk7RXthOAYGYAYmUCGeHZsXc8iffGLstB4XeFAjEA+DxBzlPxyQ/3QsSnCKrbSv2KvRID0O385+q7QD/dCALckhtLlxMKwYuD9fi8BbaS
AYADeA+FG1jS7TK/a14Mi7pFnZ4AXwABABVhd3MtY3J5cHRvLXB1YmxpYy1rZXkAREF6WkN6czYxdXZRbHVBR3FzS0ZGV2dlZVpNbDMza2lBMzBGMEVMbXVpYTYxeEsrQXRyY3RLSHNVYllZQ3NwQmk1Zz09AAEAB2F3cy1rbXMAS2Fybjphd3M6a21zOnVzLWVhc3QtMTo2ODkzNTQzNzYzMDI6a2V5LzRlMGMxMGRkLTg2ZWYtNGU1OC1iZDk1LTgyNTcwOTM0MmYyMAC4AQIBAHi2EEOe0a0TvMFN6pvPnvBNIu736fvQVehyE/JM3t60sAGSJnp+G2DoyIc0PxiA2qBwAAAAfjB8BgkqhkiG9w0BBwagbzBtAgEAMGgGCSqGSIb3DQEHATAeBglghkgBZQMEAS4wEQQMVBwIuQ0yctDf+CGxAgEQgDvBBNOwam8ot05aTv+14gYAuwCgiHQeLu5EBtzMFCya4tVr1rQ4D4Mx28vnN8NrY5GGtEDPT8dbD/yi/wIAAAAADAAAEAAAAAAAAAAAAAAAAAD88AlCEMcBFnSfpD7DJkD0/////wAAAAEAAAAAAAAAAAAAAAEAAAAGg2/9bN5toS18JeghzQMqNv7zyk65vQBnMGUCMQCQ4BvVVU0FAw5Dr86j+KaLxe/aZ1S5CHBqilscFiHVC4caVKTPdcs7SSj0GEf5Bu4CMDM+xPJ6jVbsmsyYFYkgbAKacTroC2Sp+p6Qv5qM0PH6QY3XQUUg2cAf5pVk/FK3Ig==,AYADeLm+gZm4XKoCPWRM4udA1y0AXwABABVhd3MtY3J5cHRvLXB1YmxpYy1rZXkAREF6WkN6czYxdXZRbHVBR3FzS0ZGV2dlZVpNbDMza2lBMzBGMEVMbXVpYTYxeEsrQXRyY3RLSHNVYllZQ3NwQmk1Zz09AAEAB2F3cy1rbXMAS2Fybjphd3M6a21zOnVzLWVhc3QtMTo2ODkzNTQzNzYzMDI6a2V5LzRlMGMxMGRkLTg2ZWYtNGU1OC1iZDk1LTgyNTcwOTM0MmYyMAC4AQIBAHi2EEOe0a0TvMFN6pvPnvBNIu736fvQVehyE/JM3t60sAGSJnp+G2DoyIc0PxiA2qBwAAAAfjB8BgkqhkiG9w0BBwagbzBtAgEAMGgGCSqGSIb3DQEHATAeBglghkgBZQMEAS4wEQQMVBwIuQ0yctDf+CGxAgEQgDvBBNOwam8ot05aTv+14gYAuwCgiHQeLu5EBtzMFCya4tVr1rQ4D4Mx28vnN8NrY5GGtEDPT8dbD/yi/wIAAAAADAAAEAAAAAAAAAAAAAAAAADTsA4Qvmts4n8TbowD1dUT/////wAAAAEAAAAAAAAAAAAAAAEAAAAHv8hXIf4h+ZnhRIT8iGrldrbwfAIz/DUAZzBlAjEA0ALatIXs4Tm/TNJJVmKMSfJKySVnjNBvXpkMdfcwMfaiwVxd8avn+y/eLBVBPnc3AjAcFgynGnTl7X+vEe+9QLsKt61LPrn+mSeFZx5bMIMuTw/s3tsN0BRGYQ2HdDxojj0=
AYADeOkUg77Zszl4hyRgFjdUk/8AXwABABVhd3MtY3J5cHRvLXB1YmxpYy1rZXkAREF6WkN6czYxdXZRbHVBR3FzS0ZGV2dlZVpNbDMza2lBMzBGMEVMbXVpYTYxeEsrQXRyY3RLSHNVYllZQ3NwQmk1Zz09AAEAB2F3cy1rbXMAS2Fybjphd3M6a21zOnVzLWVhc3QtMTo2ODkzNTQzNzYzMDI6a2V5LzRlMGMxMGRkLTg2ZWYtNGU1OC1iZDk1LTgyNTcwOTM0MmYyMAC4AQIBAHi2EEOe0a0TvMFN6pvPnvBNIu736fvQVehyE/JM3t60sAGSJnp+G2DoyIc0PxiA2qBwAAAAfjB8BgkqhkiG9w0BBwagbzBtAgEAMGgGCSqGSIb3DQEHATAeBglghkgBZQMEAS4wEQQMVBwIuQ0yctDf+CGxAgEQgDvBBNOwam8ot05aTv+14gYAuwCgiHQeLu5EBtzMFCya4tVr1rQ4D4Mx28vnN8NrY5GGtEDPT8dbD/yi/wIAAAAADAAAEAAAAAAAAAAAAAAAAAC0kTS7+hn4pljVFMJer73D/////wAAAAEAAAAAAAAAAAAAAAEAAAAGK1+iuF7fIhdgTMZTnmE5a8FLxfJb4wBnMGUCMHNPT+Kzn0uWeBJsLsDG4F5xZx/bMNOb05JjjPnvgJN8V8yDuUWeTzikEt952hvT8QIxAOICcSDEuA12mqrxWdIcvqDDz6UJKpubUhzBHxkjgeaevCJVzqo6XAz/96dNfaoakA==,AYADeL+cG2UpD1ks44Ijm7Eva+0AXwABABVhd3MtY3J5cHRvLXB1YmxpYy1rZXkAREF6WkN6czYxdXZRbHVBR3FzS0ZGV2dlZVpNbDMza2lBMzBGMEVMbXVpYTYxeEsrQXRyY3RLSHNVYllZQ3NwQmk1Zz09AAEAB2F3cy1rbXMAS2Fybjphd3M6a21zOnVzLWVhc3QtMTo2ODkzNTQzNzYzMDI6a2V5LzRlMGMxMGRkLTg2ZWYtNGU1OC1iZDk1LTgyNTcwOTM0MmYyMAC4AQIBAHi2EEOe0a0TvMFN6pvPnvBNIu736fvQVehyE/JM3t60sAGSJnp+G2DoyIc0PxiA2qBwAAAAfjB8BgkqhkiG9w0BBwagbzBtAgEAMGgGCSqGSIb3DQEHATAeBglghkgBZQMEAS4wEQQMVBwIuQ0yctDf+CGxAgEQgDvBBNOwam8ot05aTv+14gYAuwCgiHQeLu5EBtzMFCya4tVr1rQ4D4Mx28vnN8NrY5GGtEDPT8dbD/yi/wIAAAAADAAAEAAAAAAAAAAAAAAAAACuFsn191gcUd9p8zOW/OmP/////wAAAAEAAAAAAAAAAAAAAAEAAAAGIIzNwvMSyi7OXP+qkFdMYpVktJZhbABnMGUCMQCJ/9yQeuxDKI7NV2TmEZKnTjX3yk0jCXt0XCF+1g6yUGUDoVYEz/8K4in7zemZ9r0CMBicw3OtCmFtvLKJOjbQiumkbFjf0vIpg8QSvhCg12488FCmDZnaN3S4tu3drtFVFQ==
AYADeN2vHZkDFeX+nwqhw+8H2KcAXwABABVhd3MtY3J5cHRvLXB1YmxpYy1rZXkAREF6WkN6czYxdXZRbHVBR3FzS0ZGV2dlZVpNbDMza2lBMzBGMEVMbXVpYTYxeEsrQXRyY3RLSHNVYllZQ3NwQmk1Zz09AAEAB2F3cy1rbXMAS2Fybjphd3M6a21zOnVzLWVhc3QtMTo2ODkzNTQzNzYzMDI6a2V5LzRlMGMxMGRkLTg2ZWYtNGU1OC1iZDk1LTgyNTcwOTM0MmYyMAC4AQIBAHi2EEOe0a0TvMFN6pvPnvBNIu736fvQVehyE/JM3t60sAGSJnp+G2DoyIc0PxiA2qBwAAAAfjB8BgkqhkiG9w0BBwagbzBtAgEAMGgGCSqGSIb3DQEHATAeBglghkgBZQMEAS4wEQQMVBwIuQ0yctDf+CGxAgEQgDvBBNOwam8ot05aTv+14gYAuwCgiHQeLu5EBtzMFCya4tVr1rQ4D4Mx28vnN8NrY5GGtEDPT8dbD/yi/wIAAAAADAAAEAAAAAAAAAAAAAAAAAA1vDGY4OzIEmxJcJSck7GN/////wAAAAEAAAAAAAAAAAAAAAEAAAAHBzCZgG6DlvjdiRvh5HggJQxMxjiVIR0AZzBlAjB4bim4UBet6H+9bPGU53qifMycPkN8WnORfM0vAvlNpaYB7fvOxtGU0+KInFeMdV8CMQD7+Bz8/V1gBPxT5/0IcQJiOqpw/T9L0aOXYwnC9HwYC5at8bvMXhz1LhyOQlvbTCo=,AYADeIr9YLTox9wd3INP72ixOT0AXwABABVhd3MtY3J5cHRvLXB1YmxpYy1rZXkAREF6WkN6czYxdXZRbHVBR3FzS0ZGV2dlZVpNbDMza2lBMzBGMEVMbXVpYTYxeEsrQXRyY3RLSHNVYllZQ3NwQmk1Zz09AAEAB2F3cy1rbXMAS2Fybjphd3M6a21zOnVzLWVhc3QtMTo2ODkzNTQzNzYzMDI6a2V5LzRlMGMxMGRkLTg2ZWYtNGU1OC1iZDk1LTgyNTcwOTM0MmYyMAC4AQIBAHi2EEOe0a0TvMFN6pvPnvBNIu736fvQVehyE/JM3t60sAGSJnp+G2DoyIc0PxiA2qBwAAAAfjB8BgkqhkiG9w0BBwagbzBtAgEAMGgGCSqGSIb3DQEHATAeBglghkgBZQMEAS4wEQQMVBwIuQ0yctDf+CGxAgEQgDvBBNOwam8ot05aTv+14gYAuwCgiHQeLu5EBtzMFCya4tVr1rQ4D4Mx28vnN8NrY5GGtEDPT8dbD/yi/wIAAAAADAAAEAAAAAAAAAAAAAAAAAAH6JwPj7DO0akR+o64+PBO/////wAAAAEAAAAAAAAAAAAAAAEAAAAHREEfythZ2YHNwP5+p4qVQ49Z91I8/KQAZzBlAjEAr0sMiOqcuL7IxC19i7DhjyZLek7yzORG4T0/Zz59lT36DIClk/VDEplCPvzWqxUMAjA/kKH4iLFVrJaF7ZmSDx50I/cKLvTepKc39AHAcCzCIwqyhbEh88f0066/Ih/3qjY=
AYADeF+RfU/108lQss2Qn+ZN5i4AXwABABVhd3MtY3J5cHRvLXB1YmxpYy1rZXkAREF6WkN6czYxdXZRbHVBR3FzS0ZGV2dlZVpNbDMza2lBMzBGMEVMbXVpYTYxeEsrQXRyY3RLSHNVYllZQ3NwQmk1Zz09AAEAB2F3cy1rbXMAS2Fybjphd3M6a21zOnVzLWVhc3QtMTo2ODkzNTQzNzYzMDI6a2V5LzRlMGMxMGRkLTg2ZWYtNGU1OC1iZDk1LTgyNTcwOTM0MmYyMAC4AQIBAHi2EEOe0a0TvMFN6pvPnvBNIu736fvQVehyE/JM3t60sAGSJnp+G2DoyIc0PxiA2qBwAAAAfjB8BgkqhkiG9w0BBwagbzBtAgEAMGgGCSqGSIb3DQEHATAeBglghkgBZQMEAS4wEQQMVBwIuQ0yctDf+CGxAgEQgDvBBNOwam8ot05aTv+14gYAuwCgiHQeLu5EBtzMFCya4tVr1rQ4D4Mx28vnN8NrY5GGtEDPT8dbD/yi/wIAAAAADAAAEAAAAAAAAAAAAAAAAABJTNrICk751KhVj58GrRIs/////wAAAAEAAAAAAAAAAAAAAAEAAAAFZICya0w306MWW0SksBXOJt878WZVAGcwZQIwb71aF5iW4LFpN1ePqFoU/MKe9PO4Q2x/8pBjkXn+6UfrTb9LEYZgG2xm2ox+DjbjAjEAwJauCZrrBUiuadx2OHlEvjJbP/0zYffJIHBxqwntQwpiPpoo54LrFNnBTjmZEx8m,AYADePr4iBhCxXTdrf/obgcF+TgAXwABABVhd3MtY3J5cHRvLXB1YmxpYy1rZXkAREF6WkN6czYxdXZRbHVBR3FzS0ZGV2dlZVpNbDMza2lBMzBGMEVMbXVpYTYxeEsrQXRyY3RLSHNVYllZQ3NwQmk1Zz09AAEAB2F3cy1rbXMAS2Fybjphd3M6a21zOnVzLWVhc3QtMTo2ODkzNTQzNzYzMDI6a2V5LzRlMGMxMGRkLTg2ZWYtNGU1OC1iZDk1LTgyNTcwOTM0MmYyMAC4AQIBAHi2EEOe0a0TvMFN6pvPnvBNIu736fvQVehyE/JM3t60sAGSJnp+G2DoyIc0PxiA2qBwAAAAfjB8BgkqhkiG9w0BBwagbzBtAgEAMGgGCSqGSIb3DQEHATAeBglghkgBZQMEAS4wEQQMVBwIuQ0yctDf+CGxAgEQgDvBBNOwam8ot05aTv+14gYAuwCgiHQeLu5EBtzMFCya4tVr1rQ4D4Mx28vnN8NrY5GGtEDPT8dbD/yi/wIAAAAADAAAEAAAAAAAAAAAAAAAAAB8HSEHp4yUxtimIctCiFBw/////wAAAAEAAAAAAAAAAAAAAAEAAAAFciKNqepDEKT2Z/vMHytvRf6LmXnxAGcwZQIxAMGKT3le05Mp6WX7Va7+dzDJnZkpBqnkNS5baX3OXKiGZH2qlosjcTzdxkovHG/IWgIwZop3ol6RwVrf8fl1mtuoyoUflmYiSR+jA+IuMJm4Zlf6PCXpHgVzgTVHB/ICIfTy
AYADeC8MMCQ0d+Jp+d48F21hcUIAXwABABVhd3MtY3J5cHRvLXB1YmxpYy1rZXkAREF6WkN6czYxdXZRbHVBR3FzS0ZGV2dlZVpNbDMza2lBMzBGMEVMbXVpYTYxeEsrQXRyY3RLSHNVYllZQ3NwQmk1Zz09AAEAB2F3cy1rbXMAS2Fybjphd3M6a21zOnVzLWVhc3QtMTo2ODkzNTQzNzYzMDI6a2V5LzRlMGMxMGRkLTg2ZWYtNGU1OC1iZDk1LTgyNTcwOTM0MmYyMAC4AQIBAHi2EEOe0a0TvMFN6pvPnvBNIu736fvQVehyE/JM3t60sAGSJnp+G2DoyIc0PxiA2qBwAAAAfjB8BgkqhkiG9w0BBwagbzBtAgEAMGgGCSqGSIb3DQEHATAeBglghkgBZQMEAS4wEQQMVBwIuQ0yctDf+CGxAgEQgDvBBNOwam8ot05aTv+14gYAuwCgiHQeLu5EBtzMFCya4tVr1rQ4D4Mx28vnN8NrY5GGtEDPT8dbD/yi/wIAAAAADAAAEAAAAAAAAAAAAAAAAACVOQMth0JwY5MiuBN/RoVr/////wAAAAEAAAAAAAAAAAAAAAEAAAAGOUa2172ZC1DeBMQui8vRcdIYeMPVCgBnMGUCMAwcgq79Q0EuYCRISPQt62RaPV1lKIoSTJd0vFDg50FeqyF50kaonIkhcV9eenSTuQIxALWWOWpRKSzfujJY3bjViyXFreIlvNfudsG0fCklRZudNLnrCOPLMi8q23PmhWRnoQ==,AYADeGpGTRCNVCTgp1LArQikceMAXwABABVhd3MtY3J5cHRvLXB1YmxpYy1rZXkAREF6WkN6czYxdXZRbHVBR3FzS0ZGV2dlZVpNbDMza2lBMzBGMEVMbXVpYTYxeEsrQXRyY3RLSHNVYllZQ3NwQmk1Zz09AAEAB2F3cy1rbXMAS2Fybjphd3M6a21zOnVzLWVhc3QtMTo2ODkzNTQzNzYzMDI6a2V5LzRlMGMxMGRkLTg2ZWYtNGU1OC1iZDk1LTgyNTcwOTM0MmYyMAC4AQIBAHi2EEOe0a0TvMFN6pvPnvBNIu736fvQVehyE/JM3t60sAGSJnp+G2DoyIc0PxiA2qBwAAAAfjB8BgkqhkiG9w0BBwagbzBtAgEAMGgGCSqGSIb3DQEHATAeBglghkgBZQMEAS4wEQQMVBwIuQ0yctDf+CGxAgEQgDvBBNOwam8ot05aTv+14gYAuwCgiHQeLu5EBtzMFCya4tVr1rQ4D4Mx28vnN8NrY5GGtEDPT8dbD/yi/wIAAAAADAAAEAAAAAAAAAAAAAAAAACd1D1XDKIjI4r+FrslmNyC/////wAAAAEAAAAAAAAAAAAAAAEAAAAEofPTKGw5q2OS1+tAiayqrY6G8OkAZzBlAjEArFdcqGPOxW+RUToSWtrLeJRQ7YVnBJfvlBb3IUKBbMb/ZmSVss0SgeqZxHtDoeokAjAYVj3aiKxu2ne36W1aajGl6M/y1Xcew3+yDYuKGWSLdrIpw0d08xdvz6iJ3ww/oSo=
AYADeHp2rHvTrsgHqQD5bmD6tYgAXwABABVhd3MtY3J5cHRvLXB1YmxpYy1rZXkAREF6WkN6czYxdXZRbHVBR3FzS0ZGV2dlZVpNbDMza2lBMzBGMEVMbXVpYTYxeEsrQXRyY3RLSHNVYllZQ3NwQmk1Zz09AAEAB2F3cy1rbXMAS2Fybjphd3M6a21zOnVzLWVhc3QtMTo2ODkzNTQzNzYzMDI6a2V5LzRlMGMxMGRkLTg2ZWYtNGU1OC1iZDk1LTgyNTcwOTM0MmYyMAC4AQIBAHi2EEOe0a0TvMFN6pvPnvBNIu736fvQVehyE/JM3t60sAGSJnp+G2DoyIc0PxiA2qBwAAAAfjB8BgkqhkiG9w0BBwagbzBtAgEAMGgGCSqGSIb3DQEHATAeBglghkgBZQMEAS4wEQQMVBwIuQ0yctDf+CGxAgEQgDvBBNOwam8ot05aTv+14gYAuwCgiHQeLu5EBtzMFCya4tVr1rQ4D4Mx28vnN8NrY5GGtEDPT8dbD/yi/wIAAAAADAAAEAAAAAAAAAAAAAAAAAChGjWPQym62G1JDq+2ci53/////wAAAAEAAAAAAAAAAAAAAAEAAAAIoAk0l6auaju7Q69rrEZKM7af81aJ616SAGcwZQIxANy+aW60Q3nhYbnZg1YszvdyIUSy/JTT1Uqk/HxSA0nWteoSz7QD0nodUCaSREuI9gIwCJmaAbmxOpZ/JYFIaL/huf/9DYCifg77KBq24j+Jq6lb/onWdYcmFXddQsdZtv/3,AYADeMTu21fMmiRa8tzQN1kgFvUAXwABABVhd3MtY3J5cHRvLXB1YmxpYy1rZXkAREF6WkN6czYxdXZRbHVBR3FzS0ZGV2dlZVpNbDMza2lBMzBGMEVMbXVpYTYxeEsrQXRyY3RLSHNVYllZQ3NwQmk1Zz09AAEAB2F3cy1rbXMAS2Fybjphd3M6a21zOnVzLWVhc3QtMTo2ODkzNTQzNzYzMDI6a2V5LzRlMGMxMGRkLTg2ZWYtNGU1OC1iZDk1LTgyNTcwOTM0MmYyMAC4AQIBAHi2EEOe0a0TvMFN6pvPnvBNIu736fvQVehyE/JM3t60sAGSJnp+G2DoyIc0PxiA2qBwAAAAfjB8BgkqhkiG9w0BBwagbzBtAgEAMGgGCSqGSIb3DQEHATAeBglghkgBZQMEAS4wEQQMVBwIuQ0yctDf+CGxAgEQgDvBBNOwam8ot05aTv+14gYAuwCgiHQeLu5EBtzMFCya4tVr1rQ4D4Mx28vnN8NrY5GGtEDPT8dbD/yi/wIAAAAADAAAEAAAAAAAAAAAAAAAAADVEQyWC2bGfyCrLK6LnJUQ/////wAAAAEAAAAAAAAAAAAAAAEAAAAEKFhsObubXA+PHAdXt78nnzyzVrMAZzBlAjBtpZxm1kpITj9+5iOS702ZY9VMTGWwUEddO6oFliDh5Nto+a+6m7oCU9bdCYjnVA8CMQDwanrG8WkNs2WjwhDLTkyz7OKaxhCRtLZwzshQASrt3JUX8avoHesObEF8SZu6Llg=
AYADeCZnx3mHrqDr21UJDtQpQqMAXwABABVhd3MtY3J5cHRvLXB1YmxpYy1rZXkAREF6WkN6czYxdXZRbHVBR3FzS0ZGV2dlZVpNbDMza2lBMzBGMEVMbXVpYTYxeEsrQXRyY3RLSHNVYllZQ3NwQmk1Zz09AAEAB2F3cy1rbXMAS2Fybjphd3M6a21zOnVzLWVhc3QtMTo2ODkzNTQzNzYzMDI6a2V5LzRlMGMxMGRkLTg2ZWYtNGU1OC1iZDk1LTgyNTcwOTM0MmYyMAC4AQIBAHi2EEOe0a0TvMFN6pvPnvBNIu736fvQVehyE/JM3t60sAGSJnp+G2DoyIc0PxiA2qBwAAAAfjB8BgkqhkiG9w0BBwagbzBtAgEAMGgGCSqGSIb3DQEHATAeBglghkgBZQMEAS4wEQQMVBwIuQ0yctDf+CGxAgEQgDvBBNOwam8ot05aTv+14gYAuwCgiHQeLu5EBtzMFCya4tVr1rQ4D4Mx28vnN8NrY5GGtEDPT8dbD/yi/wIAAAAADAAAEAAAAAAAAAAAAAAAAAAlwyh7Ybxa4eCXLcSl8Sni/////wAAAAEAAAAAAAAAAAAAAAEAAAAGp5EBGf3HuV2aWcHOFbIEDM5bqOy0CgBnMGUCMQD7krU5xJxcIQ3AFTMZdgYg4ZBLyyUCIL8c2yF7+c+8tcrCQ73+wELw8rpB8tSLU70CMASvTzzpiFrjlv/4EnZllduAhsdBGtvfM9qlPAuTrbvjU6UbZ/1c17L6QnCi/g2rqw==,AYADeAs3iZiqyMJ1DaC9L6Zp+oQAXwABABVhd3MtY3J5cHRvLXB1YmxpYy1rZXkAREF6WkN6czYxdXZRbHVBR3FzS0ZGV2dlZVpNbDMza2lBMzBGMEVMbXVpYTYxeEsrQXRyY3RLSHNVYllZQ3NwQmk1Zz09AAEAB2F3cy1rbXMAS2Fybjphd3M6a21zOnVzLWVhc3QtMTo2ODkzNTQzNzYzMDI6a2V5LzRlMGMxMGRkLTg2ZWYtNGU1OC1iZDk1LTgyNTcwOTM0MmYyMAC4AQIBAHi2EEOe0a0TvMFN6pvPnvBNIu736fvQVehyE/JM3t60sAGSJnp+G2DoyIc0PxiA2qBwAAAAfjB8BgkqhkiG9w0BBwagbzBtAgEAMGgGCSqGSIb3DQEHATAeBglghkgBZQMEAS4wEQQMVBwIuQ0yctDf+CGxAgEQgDvBBNOwam8ot05aTv+14gYAuwCgiHQeLu5EBtzMFCya4tVr1rQ4D4Mx28vnN8NrY5GGtEDPT8dbD/yi/wIAAAAADAAAEAAAAAAAAAAAAAAAAACkL2Sj3B3SBgjPUAkJWwW1/////wAAAAEAAAAAAAAAAAAAAAEAAAAFMe1L6VB4CMGvK5w4CI5N7nG1SSwAAGcwZQIwTNtIqvAXO/8BswR8jfuj0sU7ciPC2/7zk+fL24yaGONE4TUTiLyPDeub+5O4JcgtAjEA6Oru8zui+tuSXydfePDXNBEhstUEbz8HTW+QinxJRxKhdZi0o6IB3cqICvl9vYQQ
AYADeBrPrbhlhP/qXdek6PIu7xgAXwABABVhd3MtY3J5cHRvLXB1YmxpYy1rZXkAREF6WkN6czYxdXZRbHVBR3FzS0ZGV2dlZVpNbDMza2lBMzBGMEVMbXVpYTYxeEsrQXRyY3RLSHNVYllZQ3NwQmk1Zz09AAEAB2F3cy1rbXMAS2Fybjphd3M6a21zOnVzLWVhc3QtMTo2ODkzNTQzNzYzMDI6a2V5LzRlMGMxMGRkLTg2ZWYtNGU1OC1iZDk1LTgyNTcwOTM0MmYyMAC4AQIBAHi2EEOe0a0TvMFN6pvPnvBNIu736fvQVehyE/JM3t60sAGSJnp+G2DoyIc0PxiA2qBwAAAAfjB8BgkqhkiG9w0BBwagbzBtAgEAMGgGCSqGSIb3DQEHATAeBglghkgBZQMEAS4wEQQMVBwIuQ0yctDf+CGxAgEQgDvBBNOwam8ot05aTv+14gYAuwCgiHQeLu5EBtzMFCya4tVr1rQ4D4Mx28vnN8NrY5GGtEDPT8dbD/yi/wIAAAAADAAAEAAAAAAAAAAAAAAAAACFRKAxkkxZMeToFT+BqSI6/////wAAAAEAAAAAAAAAAAAAAAEAAAAFOK3BysviQJtQNUXkqkckwJDe7/0AAGcwZQIxAMcKwoOVefrkPfep1JmeZAysouWAqCKliIRkUlyfPuBzDjUXp48c/Rk/xf1QGMEk+wIwHJY7MZoSP1seqLP68VCMuve6rKSlTuQ/kI1WRG/rPBXz9MRp/uUDrJ4/GGAckLiY,AYADeDRPuRiMVciNlPthzeg/728AXwABABVhd3MtY3J5cHRvLXB1YmxpYy1rZXkAREF6WkN6czYxdXZRbHVBR3FzS0ZGV2dlZVpNbDMza2lBMzBGMEVMbXVpYTYxeEsrQXRyY3RLSHNVYllZQ3NwQmk1Zz09AAEAB2F3cy1rbXMAS2Fybjphd3M6a21zOnVzLWVhc3QtMTo2ODkzNTQzNzYzMDI6a2V5LzRlMGMxMGRkLTg2ZWYtNGU1OC1iZDk1LTgyNTcwOTM0MmYyMAC4AQIBAHi2EEOe0a0TvMFN6pvPnvBNIu736fvQVehyE/JM3t60sAGSJnp+G2DoyIc0PxiA2qBwAAAAfjB8BgkqhkiG9w0BBwagbzBtAgEAMGgGCSqGSIb3DQEHATAeBglghkgBZQMEAS4wEQQMVBwIuQ0yctDf+CGxAgEQgDvBBNOwam8ot05aTv+14gYAuwCgiHQeLu5EBtzMFCya4tVr1rQ4D4Mx28vnN8NrY5GGtEDPT8dbD/yi/wIAAAAADAAAEAAAAAAAAAAAAAAAAAD/rxrFr+Mk4Nlj3E1OZ58d/////wAAAAEAAAAAAAAAAAAAAAEAAAAFAllXqK6N5+4iNRyaL9lb6sGkH+A6AGcwZQIxAIPTGXqC3SkxqZuqFCgbHmYlXtIpT5fe4oFydaT8qp144fReY1fYJqlglN2KlCq8SAIwbo0pnidJcceWx34tROmEVS3g+wZsryL7IZuUekRrtV0K8TNk3iFA598Z73mnQ2ao
AYADeDphEVVXnIQaRUcv1GIhkN4AXwABABVhd3MtY3J5cHRvLXB1YmxpYy1rZXkAREF6WkN6czYxdXZRbHVBR3FzS0ZGV2dlZVpNbDMza2lBMzBGMEVMbXVpYTYxeEsrQXRyY3RLSHNVYllZQ3NwQmk1Zz09AAEAB2F3cy1rbXMAS2Fybjphd3M6a21zOnVzLWVhc3QtMTo2ODkzNTQzNzYzMDI6a2V5LzRlMGMxMGRkLTg2ZWYtNGU1OC1iZDk1LTgyNTcwOTM0MmYyMAC4AQIBAHi2EEOe0a0TvMFN6pvPnvBNIu736fvQVehyE/JM3t60sAGSJnp+G2DoyIc0PxiA2qBwAAAAfjB8BgkqhkiG9w0BBwagbzBtAgEAMGgGCSqGSIb3DQEHATAeBglghkgBZQMEAS4wEQQMVBwIuQ0yctDf+CGxAgEQgDvBBNOwam8ot05aTv+14gYAuwCgiHQeLu5EBtzMFCya4tVr1rQ4D4Mx28vnN8NrY5GGtEDPT8dbD/yi/wIAAAAADAAAEAAAAAAAAAAAAAAAAACbWjwQ3avi3TBshrK7OVPJ/////wAAAAEAAAAAAAAAAAAAAAEAAAAFwaRPvMpb6qlwLRWbV+o15ttCWKhnAGcwZQIwcyGMrWONjN42dd01WdY+X/5uDcoGPcj47RxKeKEKO1T5k28ThchRSSzf2OnhyOvQAjEAnoQI1sKrLnIGjhqO6+4NM6wIpNrNkCutD40eyOmu5Rk4b9hix8/0UQe/bor7vj46,AYADeFWtEbOOLiP+jNzzaTwC/k0AXwABABVhd3MtY3J5cHRvLXB1YmxpYy1rZXkAREF6WkN6czYxdXZRbHVBR3FzS0ZGV2dlZVpNbDMza2lBMzBGMEVMbXVpYTYxeEsrQXRyY3RLSHNVYllZQ3NwQmk1Zz09AAEAB2F3cy1rbXMAS2Fybjphd3M6a21zOnVzLWVhc3QtMTo2ODkzNTQzNzYzMDI6a2V5LzRlMGMxMGRkLTg2ZWYtNGU1OC1iZDk1LTgyNTcwOTM0MmYyMAC4AQIBAHi2EEOe0a0TvMFN6pvPnvBNIu736fvQVehyE/JM3t60sAGSJnp+G2DoyIc0PxiA2qBwAAAAfjB8BgkqhkiG9w0BBwagbzBtAgEAMGgGCSqGSIb3DQEHATAeBglghkgBZQMEAS4wEQQMVBwIuQ0yctDf+CGxAgEQgDvBBNOwam8ot05aTv+14gYAuwCgiHQeLu5EBtzMFCya4tVr1rQ4D4Mx28vnN8NrY5GGtEDPT8dbD/yi/wIAAAAADAAAEAAAAAAAAAAAAAAAAABQJX5h2zwDzpTtsVLkUs7+/////wAAAAEAAAAAAAAAAAAAAAEAAAAF221BhJgZwfVVGw8poDZTIcSnPgfWAGcwZQIwTCEDIebcVq+cDWKBAjMPEBSk80i0jwKTvI9oxADZ0lV2Uq4xdpYtHwH2zwT+zVJzAjEA9Szb3qI9e8O/OJJHMem9JahScnXiCX1/07z03UUN0rclhnit6EVxKns1HjLBobeY
AYADeLvDcYdkUNjYbdsIJkjgqFYAXwABABVhd3MtY3J5cHRvLXB1YmxpYy1rZXkAREF6WkN6czYxdXZRbHVBR3FzS0ZGV2dlZVpNbDMza2lBMzBGMEVMbXVpYTYxeEsrQXRyY3RLSHNVYllZQ3NwQmk1Zz09AAEAB2F3cy1rbXMAS2Fybjphd3M6a21zOnVzLWVhc3QtMTo2ODkzNTQzNzYzMDI6a2V5LzRlMGMxMGRkLTg2ZWYtNGU1OC1iZDk1LTgyNTcwOTM0MmYyMAC4AQIBAHi2EEOe0a0TvMFN6pvPnvBNIu736fvQVehyE/JM3t60sAGSJnp+G2DoyIc0PxiA2qBwAAAAfjB8BgkqhkiG9w0BBwagbzBtAgEAMGgGCSqGSIb3DQEHATAeBglghkgBZQMEAS4wEQQMVBwIuQ0yctDf+CGxAgEQgDvBBNOwam8ot05aTv+14gYAuwCgiHQeLu5EBtzMFCya4tVr1rQ4D4Mx28vnN8NrY5GGtEDPT8dbD/yi/wIAAAAADAAAEAAAAAAAAAAAAAAAAABXzNleqmX5gm4tgJbIiNqS/////wAAAAEAAAAAAAAAAAAAAAEAAAAEt6pqhxyw8QEkm1M9aoPjUk8vAl4AZzBlAjEA3omUURPFJ0r/uzBcYOhZ2ESK0gkxEHcJuM91Ue/uvVoxdbGXERRRKURxlBiZBbHuAjBcJH8N2kPqfI8hJlsb3UdfXlGX0MZthce3tP40JbvvQj/5wAUlmwiUNxcd61gkiiw=,AYADeAVYxlbDpJynBg0LavOA+v4AXwABABVhd3MtY3J5cHRvLXB1YmxpYy1rZXkAREF6WkN6czYxdXZRbHVBR3FzS0ZGV2dlZVpNbDMza2lBMzBGMEVMbXVpYTYxeEsrQXRyY3RLSHNVYllZQ3NwQmk1Zz09AAEAB2F3cy1rbXMAS2Fybjphd3M6a21zOnVzLWVhc3QtMTo2ODkzNTQzNzYzMDI6a2V5LzRlMGMxMGRkLTg2ZWYtNGU1OC1iZDk1LTgyNTcwOTM0MmYyMAC4AQIBAHi2EEOe0a0TvMFN6pvPnvBNIu736fvQVehyE/JM3t60sAGSJnp+G2DoyIc0PxiA2qBwAAAAfjB8BgkqhkiG9w0BBwagbzBtAgEAMGgGCSqGSIb3DQEHATAeBglghkgBZQMEAS4wEQQMVBwIuQ0yctDf+CGxAgEQgDvBBNOwam8ot05aTv+14gYAuwCgiHQeLu5EBtzMFCya4tVr1rQ4D4Mx28vnN8NrY5GGtEDPT8dbD/yi/wIAAAAADAAAEAAAAAAAAAAAAAAAAABkmoXPsD2HAyeMqD1BtIrV/////wAAAAEAAAAAAAAAAAAAAAEAAAAEKyEgu0Rqc1F2P3c7jBh9G0Kmy/AAZzBlAjAqG4bID93IyRCqFy1uIuiUSeQk3wrt1+fDQUBkfosDzWSBDaUbkYYtjZCg+T3btUQCMQDR2Eu1XEAC581v4BBZBOm3mQK9t7GZKffzGL2sLaGHSf9OBFYx3y7HqiLr/xKzhKE=
AYADeEUxdpD1FsZ6CLDeVXNK+xgAXwABABVhd3MtY3J5cHRvLXB1YmxpYy1rZXkAREF6WkN6czYxdXZRbHVBR3FzS0ZGV2dlZVpNbDMza2lBMzBGMEVMbXVpYTYxeEsrQXRyY3RLSHNVYllZQ3NwQmk1Zz09AAEAB2F3cy1rbXMAS2Fybjphd3M6a21zOnVzLWVhc3QtMTo2ODkzNTQzNzYzMDI6a2V5LzRlMGMxMGRkLTg2ZWYtNGU1OC1iZDk1LTgyNTcwOTM0MmYyMAC4AQIBAHi2EEOe0a0TvMFN6pvPnvBNIu736fvQVehyE/JM3t60sAGSJnp+G2DoyIc0PxiA2qBwAAAAfjB8BgkqhkiG9w0BBwagbzBtAgEAMGgGCSqGSIb3DQEHATAeBglghkgBZQMEAS4wEQQMVBwIuQ0yctDf+CGxAgEQgDvBBNOwam8ot05aTv+14gYAuwCgiHQeLu5EBtzMFCya4tVr1rQ4D4Mx28vnN8NrY5GGtEDPT8dbD/yi/wIAAAAADAAAEAAAAAAAAAAAAAAAAAAkB0klYYF//N+J4IFfexMK/////wAAAAEAAAAAAAAAAAAAAAEAAAAJKMBovBoaD+qth3RGWbgNNtMZbMjTkAg31wBnMGUCMFyZwd8yKoAhp7oTkQXdXzNImERuy1c/uSosS+sY4TtHd1p4Blik0L+anfr0m+rViAIxAO3Earhq5MU23/QFsWyKRmeuAxeCsBCPPlPWnnFisMst5eL+fR7rP9gF8uzko0r1oQ==,AYADeJDOy0B8wceOMS519aDsYV0AXwABABVhd3MtY3J5cHRvLXB1YmxpYy1rZXkAREF6WkN6czYxdXZRbHVBR3FzS0ZGV2dlZVpNbDMza2lBMzBGMEVMbXVpYTYxeEsrQXRyY3RLSHNVYllZQ3NwQmk1Zz09AAEAB2F3cy1rbXMAS2Fybjphd3M6a21zOnVzLWVhc3QtMTo2ODkzNTQzNzYzMDI6a2V5LzRlMGMxMGRkLTg2ZWYtNGU1OC1iZDk1LTgyNTcwOTM0MmYyMAC4AQIBAHi2EEOe0a0TvMFN6pvPnvBNIu736fvQVehyE/JM3t60sAGSJnp+G2DoyIc0PxiA2qBwAAAAfjB8BgkqhkiG9w0BBwagbzBtAgEAMGgGCSqGSIb3DQEHATAeBglghkgBZQMEAS4wEQQMVBwIuQ0yctDf+CGxAgEQgDvBBNOwam8ot05aTv+14gYAuwCgiHQeLu5EBtzMFCya4tVr1rQ4D4Mx28vnN8NrY5GGtEDPT8dbD/yi/wIAAAAADAAAEAAAAAAAAAAAAAAAAACDjKJMJW9DzSPvXLXmFtvv/////wAAAAEAAAAAAAAAAAAAAAEAAAAFR9EoftVeoQGlSjUAvgGiZVqCROFTAGcwZQIwOQVAtW4q6EPn76c2VUhdAflLReeHGzVdRbAKOcSE3C9SWfXzVtGcsHZfWk8zunvVAjEA67KXqvHU3CGqcbti0W2Xf7TS0jdU0mydGed6iyNqi+Bw0Jtc0mMBjy+V+AaXolxS
AYADeP2dUZJ3c8XUGRtyTh8nFU8AXwABABVhd3MtY3J5cHRvLXB1YmxpYy1rZXkAREF6WkN6czYxdXZRbHVBR3FzS0ZGV2dlZVpNbDMza2lBMzBGMEVMbXVpYTYxeEsrQXRyY3RLSHNVYllZQ3NwQmk1Zz09AAEAB2F3cy1rbXMAS2Fybjphd3M6a21zOnVzLWVhc3QtMTo2ODkzNTQzNzYzMDI6a2V5LzRlMGMxMGRkLTg2ZWYtNGU1OC1iZDk1LTgyNTcwOTM0MmYyMAC4AQIBAHi2EEOe0a0TvMFN6pvPnvBNIu736fvQVehyE/JM3t60sAGSJnp+G2DoyIc0PxiA2qBwAAAAfjB8BgkqhkiG9w0BBwagbzBtAgEAMGgGCSqGSIb3DQEHATAeBglghkgBZQMEAS4wEQQMVBwIuQ0yctDf+CGxAgEQgDvBBNOwam8ot05aTv+14gYAuwCgiHQeLu5EBtzMFCya4tVr1rQ4D4Mx28vnN8NrY5GGtEDPT8dbD/yi/wIAAAAADAAAEAAAAAAAAAAAAAAAAADurjdb83JAX+57XKkMprOf/////wAAAAEAAAAAAAAAAAAAAAEAAAAEXB6tpdfrnNCZuscRaCodr3NXFS4AZzBlAjArJeQOLIGOinMFpoD/sJnEXL87hRfSqWc4Z8cOAaRLG6JgtJFHlF8C6/1vSIrISc8CMQDjHVzlJP2Q2sUvrTRVI4dhfsFXQ7pyPU7zoLaykcqCppm1X0CxB/xl870DZY93lNY=,AYADeKcEOPDyWBrTskpPv03gidYAXwABABVhd3MtY3J5cHRvLXB1YmxpYy1rZXkAREF6WkN6czYxdXZRbHVBR3FzS0ZGV2dlZVpNbDMza2lBMzBGMEVMbXVpYTYxeEsrQXRyY3RLSHNVYllZQ3NwQmk1Zz09AAEAB2F3cy1rbXMAS2Fybjphd3M6a21zOnVzLWVhc3QtMTo2ODkzNTQzNzYzMDI6a2V5LzRlMGMxMGRkLTg2ZWYtNGU1OC1iZDk1LTgyNTcwOTM0MmYyMAC4AQIBAHi2EEOe0a0TvMFN6pvPnvBNIu736fvQVehyE/JM3t60sAGSJnp+G2DoyIc0PxiA2qBwAAAAfjB8BgkqhkiG9w0BBwagbzBtAgEAMGgGCSqGSIb3DQEHATAeBglghkgBZQMEAS4wEQQMVBwIuQ0yctDf+CGxAgEQgDvBBNOwam8ot05aTv+14gYAuwCgiHQeLu5EBtzMFCya4tVr1rQ4D4Mx28vnN8NrY5GGtEDPT8dbD/yi/wIAAAAADAAAEAAAAAAAAAAAAAAAAADwZgZ4w2y0+WDtoWDWo9V2/////wAAAAEAAAAAAAAAAAAAAAEAAAALWZB5Z0f9/oCNJRGs+wcpg0caEC3LmPsDLbOuAGcwZQIwShJU3HiuJDo37LH9OW7Ez/Pd5aTv62nxSVkq4/V50ZYMJZY3xPzSNOeAPw+EWGx8AjEAmArBdA3pzdv1x2iI8cvO45kX7WsHDlNj1C803+BGrmejZS0PfQsWwTsFPYQjC5bo
AYADeMIkMz0DeTVvtsCTS2+vn3oAXwABABVhd3MtY3J5cHRvLXB1YmxpYy1rZXkAREF6WkN6czYxdXZRbHVBR3FzS0ZGV2dlZVpNbDMza2lBMzBGMEVMbXVpYTYxeEsrQXRyY3RLSHNVYllZQ3NwQmk1Zz09AAEAB2F3cy1rbXMAS2Fybjphd3M6a21zOnVzLWVhc3QtMTo2ODkzNTQzNzYzMDI6a2V5LzRlMGMxMGRkLTg2ZWYtNGU1OC1iZDk1LTgyNTcwOTM0MmYyMAC4AQIBAHi2EEOe0a0TvMFN6pvPnvBNIu736fvQVehyE/JM3t60sAGSJnp+G2DoyIc0PxiA2qBwAAAAfjB8BgkqhkiG9w0BBwagbzBtAgEAMGgGCSqGSIb3DQEHATAeBglghkgBZQMEAS4wEQQMVBwIuQ0yctDf+CGxAgEQgDvBBNOwam8ot05aTv+14gYAuwCgiHQeLu5EBtzMFCya4tVr1rQ4D4Mx28vnN8NrY5GGtEDPT8dbD/yi/wIAAAAADAAAEAAAAAAAAAAAAAAAAADEYkmn4Xk0ixeREInpMjBK/////wAAAAEAAAAAAAAAAAAAAAEAAAAE3VJZpbkbnqSTSaBCHQ5rhbi4Q0gAZzBlAjASgE1gqwqHFxXFm7B5zTkT9Nz+0/rS5DfVaY8N/4h28Pn4XT8BrdCxWu+ImPKjp/gCMQCJpBfYa+6L34jcSRSCyJiCzp0fdigVIlPsGQcMDJZSeT9UQnRJasFv/wCumfqNKDk=,AYADeAssRXxGZCZXCwNZth94iBcAXwABABVhd3MtY3J5cHRvLXB1YmxpYy1rZXkAREF6WkN6czYxdXZRbHVBR3FzS0ZGV2dlZVpNbDMza2lBMzBGMEVMbXVpYTYxeEsrQXRyY3RLSHNVYllZQ3NwQmk1Zz09AAEAB2F3cy1rbXMAS2Fybjphd3M6a21zOnVzLWVhc3QtMTo2ODkzNTQzNzYzMDI6a2V5LzRlMGMxMGRkLTg2ZWYtNGU1OC1iZDk1LTgyNTcwOTM0MmYyMAC4AQIBAHi2EEOe0a0TvMFN6pvPnvBNIu736fvQVehyE/JM3t60sAGSJnp+G2DoyIc0PxiA2qBwAAAAfjB8BgkqhkiG9w0BBwagbzBtAgEAMGgGCSqGSIb3DQEHATAeBglghkgBZQMEAS4wEQQMVBwIuQ0yctDf+CGxAgEQgDvBBNOwam8ot05aTv+14gYAuwCgiHQeLu5EBtzMFCya4tVr1rQ4D4Mx28vnN8NrY5GGtEDPT8dbD/yi/wIAAAAADAAAEAAAAAAAAAAAAAAAAACLZ091SQ8HrZIlDsnReppK/////wAAAAEAAAAAAAAAAAAAAAEAAAADtHAP/8jzxRb5Deutg4ZpMLeFbgBnMGUCMDVkW7vHtPPj874Sr2p6V2C63Ii1oTa3yODrcuqQpiQxx3VMyDnjZqC2UjVC6L+g5wIxAI3AQ5cK54S3Dw2RImsQZNulzsiJWkSlGbdxvfdJ/ebg60OC4c46JCrWuF6WAic9NA==
AYADeD9U61dwqRFwyLdV35RezOEAXwABABVhd3MtY3J5cHRvLXB1YmxpYy1rZXkAREF6WkN6czYxdXZRbHVBR3FzS0ZGV2dlZVpNbDMza2lBMzBGMEVMbXVpYTYxeEsrQXRyY3RLSHNVYllZQ3NwQmk1Zz09AAEAB2F3cy1rbXMAS2Fybjphd3M6a21zOnVzLWVhc3QtMTo2ODkzNTQzNzYzMDI6a2V5LzRlMGMxMGRkLTg2ZWYtNGU1OC1iZDk1LTgyNTcwOTM0MmYyMAC4AQIBAHi2EEOe0a0TvMFN6pvPnvBNIu736fvQVehyE/JM3t60sAGSJnp+G2DoyIc0PxiA2qBwAAAAfjB8BgkqhkiG9w0BBwagbzBtAgEAMGgGCSqGSIb3DQEHATAeBglghkgBZQMEAS4wEQQMVBwIuQ0yctDf+CGxAgEQgDvBBNOwam8ot05aTv+14gYAuwCgiHQeLu5EBtzMFCya4tVr1rQ4D4Mx28vnN8NrY5GGtEDPT8dbD/yi/wIAAAAADAAAEAAAAAAAAAAAAAAAAABwEKR0IZk/00de24gXbhiC/////wAAAAEAAAAAAAAAAAAAAAEAAAAFDKld0c1+byIOG6p3U0gSdCpEvHDpAGcwZQIxAIUc8mGZarKfboc1zUVOwIf08bvGqRdMMmlOMcfVWK7L+xlm1weR2iM9f2k0laetKQIwUXgaH9HMnYk85R1tPXYUTeg3u9DmIWv2/Tcf7lQlu0nnUkL4WOY4oAQdpI2xmyqW,AYADeFkQRyadV2tkpZjRNBtH/QEAXwABABVhd3MtY3J5cHRvLXB1YmxpYy1rZXkAREF6WkN6czYxdXZRbHVBR3FzS0ZGV2dlZVpNbDMza2lBMzBGMEVMbXVpYTYxeEsrQXRyY3RLSHNVYllZQ3NwQmk1Zz09AAEAB2F3cy1rbXMAS2Fybjphd3M6a21zOnVzLWVhc3QtMTo2ODkzNTQzNzYzMDI6a2V5LzRlMGMxMGRkLTg2ZWYtNGU1OC1iZDk1LTgyNTcwOTM0MmYyMAC4AQIBAHi2EEOe0a0TvMFN6pvPnvBNIu736fvQVehyE/JM3t60sAGSJnp+G2DoyIc0PxiA2qBwAAAAfjB8BgkqhkiG9w0BBwagbzBtAgEAMGgGCSqGSIb3DQEHATAeBglghkgBZQMEAS4wEQQMVBwIuQ0yctDf+CGxAgEQgDvBBNOwam8ot05aTv+14gYAuwCgiHQeLu5EBtzMFCya4tVr1rQ4D4Mx28vnN8NrY5GGtEDPT8dbD/yi/wIAAAAADAAAEAAAAAAAAAAAAAAAAADiKymjd0qOjedBBBUvLoko/////wAAAAEAAAAAAAAAAAAAAAEAAAAHdq/zbfVc9m95brzTYTc4Ug96w9oThjwAZzBlAjEA9+pL90So8mM57Wm+NjsFLbDY7KZZDhZOf4TTJRd7WJ/4UMpRfMO37nd/pADFgKoHAjABdds/ibVTrF0TGAGT/VE3/xRaCkUTuagPGW+BgIVFKv3LzzMpIqduEinAg9yls+U=
AYADeE+6Z9tbm65YBGCS8sOp2A8AXwABABVhd3MtY3J5cHRvLXB1YmxpYy1rZXkAREF6WkN6czYxdXZRbHVBR3FzS0ZGV2dlZVpNbDMza2lBMzBGMEVMbXVpYTYxeEsrQXRyY3RLSHNVYllZQ3NwQmk1Zz09AAEAB2F3cy1rbXMAS2Fybjphd3M6a21zOnVzLWVhc3QtMTo2ODkzNTQzNzYzMDI6a2V5LzRlMGMxMGRkLTg2ZWYtNGU1OC1iZDk1LTgyNTcwOTM0MmYyMAC4AQIBAHi2EEOe0a0TvMFN6pvPnvBNIu736fvQVehyE/JM3t60sAGSJnp+G2DoyIc0PxiA2qBwAAAAfjB8BgkqhkiG9w0BBwagbzBtAgEAMGgGCSqGSIb3DQEHATAeBglghkgBZQMEAS4wEQQMVBwIuQ0yctDf+CGxAgEQgDvBBNOwam8ot05aTv+14gYAuwCgiHQeLu5EBtzMFCya4tVr1rQ4D4Mx28vnN8NrY5GGtEDPT8dbD/yi/wIAAAAADAAAEAAAAAAAAAAAAAAAAACIJySP52DIckDYhuxmIHPm/////wAAAAEAAAAAAAAAAAAAAAEAAAAIzluPYzVKFUZh7ml6qM8AlZjXhqPYkwG/AGcwZQIwIX55QtJimuC5kTYaqS3rQ7agyyVsdzYPSMoMS6ogiOeisLmlMxuWLmzBgjAvI0g4AjEA3bZQaeVS9tIt3L/WO1ucmQ8v5DbaKkUw67NxXbvkq1Y5d5ABL3uMV7nXapt9wpU4,AYADeP92B+h0jgxRiQ2R6HAZenoAXwABABVhd3MtY3J5cHRvLXB1YmxpYy1rZXkAREF6WkN6czYxdXZRbHVBR3FzS0ZGV2dlZVpNbDMza2lBMzBGMEVMbXVpYTYxeEsrQXRyY3RLSHNVYllZQ3NwQmk1Zz09AAEAB2F3cy1rbXMAS2Fybjphd3M6a21zOnVzLWVhc3QtMTo2ODkzNTQzNzYzMDI6a2V5LzRlMGMxMGRkLTg2ZWYtNGU1OC1iZDk1LTgyNTcwOTM0MmYyMAC4AQIBAHi2EEOe0a0TvMFN6pvPnvBNIu736fvQVehyE/JM3t60sAGSJnp+G2DoyIc0PxiA2qBwAAAAfjB8BgkqhkiG9w0BBwagbzBtAgEAMGgGCSqGSIb3DQEHATAeBglghkgBZQMEAS4wEQQMVBwIuQ0yctDf+CGxAgEQgDvBBNOwam8ot05aTv+14gYAuwCgiHQeLu5EBtzMFCya4tVr1rQ4D4Mx28vnN8NrY5GGtEDPT8dbD/yi/wIAAAAADAAAEAAAAAAAAAAAAAAAAACnOQgsCPLMMPdFqD3Ke9p//////wAAAAEAAAAAAAAAAAAAAAEAAAAHkA4sCMl/b43Rd2OOB+nPFLzHrK+10PsAZzBlAjATOZnEaIFHnpWw99H7vF2fhJgIXWrwES/R+xYLH7NmZ1ZZ69l7TqugTakcqr74k7cCMQDzWAq9OWZy6B6c1DpxCokRCkkjUTCC3YBtJuRcEiV6AzBGFLI53mocDKh2WPqEDTo=
AYADeIkQcKguSxHeP/HLvodSjYEAXwABABVhd3MtY3J5cHRvLXB1YmxpYy1rZXkAREF6WkN6czYxdXZRbHVBR3FzS0ZGV2dlZVpNbDMza2lBMzBGMEVMbXVpYTYxeEsrQXRyY3RLSHNVYllZQ3NwQmk1Zz09AAEAB2F3cy1rbXMAS2Fybjphd3M6a21zOnVzLWVhc3QtMTo2ODkzNTQzNzYzMDI6a2V5LzRlMGMxMGRkLTg2ZWYtNGU1OC1iZDk1LTgyNTcwOTM0MmYyMAC4AQIBAHi2EEOe0a0TvMFN6pvPnvBNIu736fvQVehyE/JM3t60sAGSJnp+G2DoyIc0PxiA2qBwAAAAfjB8BgkqhkiG9w0BBwagbzBtAgEAMGgGCSqGSIb3DQEHATAeBglghkgBZQMEAS4wEQQMVBwIuQ0yctDf+CGxAgEQgDvBBNOwam8ot05aTv+14gYAuwCgiHQeLu5EBtzMFCya4tVr1rQ4D4Mx28vnN8NrY5GGtEDPT8dbD/yi/wIAAAAADAAAEAAAAAAAAAAAAAAAAABTCurUaM211mPqhJ4kGuxw/////wAAAAEAAAAAAAAAAAAAAAEAAAAG+o58+G2bin8STV2Jki1IyJnIyMRB5gBnMGUCMECOgZfUcbITLh8g9Z4SWkCg+b8fyup660rsjK4Ex/wJpIM+UB+RFAHda9FSWxYP6gIxAOyoy/Grc3q6ZNV0EXnaFXtKqteja80xyZyYuiQ3x7/1A5/AesgJtE2X2tMqg1VnZg==,AYADeJOLnKpCWd0BIEJAZ6A0b5gAXwABABVhd3MtY3J5cHRvLXB1YmxpYy1rZXkAREF6WkN6czYxdXZRbHVBR3FzS0ZGV2dlZVpNbDMza2lBMzBGMEVMbXVpYTYxeEsrQXRyY3RLSHNVYllZQ3NwQmk1Zz09AAEAB2F3cy1rbXMAS2Fybjphd3M6a21zOnVzLWVhc3QtMTo2ODkzNTQzNzYzMDI6a2V5LzRlMGMxMGRkLTg2ZWYtNGU1OC1iZDk1LTgyNTcwOTM0MmYyMAC4AQIBAHi2EEOe0a0TvMFN6pvPnvBNIu736fvQVehyE/JM3t60sAGSJnp+G2DoyIc0PxiA2qBwAAAAfjB8BgkqhkiG9w0BBwagbzBtAgEAMGgGCSqGSIb3DQEHATAeBglghkgBZQMEAS4wEQQMVBwIuQ0yctDf+CGxAgEQgDvBBNOwam8ot05aTv+14gYAuwCgiHQeLu5EBtzMFCya4tVr1rQ4D4Mx28vnN8NrY5GGtEDPT8dbD/yi/wIAAAAADAAAEAAAAAAAAAAAAAAAAABvOM2Lm4JsTfTfAo/bYNaB/////wAAAAEAAAAAAAAAAAAAAAEAAAAGz5LggOFsxwLoRaMA3kCw1WnPwfTEYgBnMGUCMQC32MIp9mBevrBeof+e3blRJLp3KFxZlDUvkaBsj8i8L1W9PTSw2cg2VQ9hub1rbFICMAvT0Zur9tryCuYc7IyeIZ4Nf3IGckVSQ1icPXdXD9Vf/gUw2nyAj+kCO9l+XoTWrQ==
AYADeHRwWcjADcX+10axSypQMjUAXwABABVhd3MtY3J5cHRvLXB1YmxpYy1rZXkAREF6WkN6czYxdXZRbHVBR3FzS0ZGV2dlZVpNbDMza2lBMzBGMEVMbXVpYTYxeEsrQXRyY3RLSHNVYllZQ3NwQmk1Zz09AAEAB2F3cy1rbXMAS2Fybjphd3M6a21zOnVzLWVhc3QtMTo2ODkzNTQzNzYzMDI6a2V5LzRlMGMxMGRkLTg2ZWYtNGU1OC1iZDk1LTgyNTcwOTM0MmYyMAC4AQIBAHi2EEOe0a0TvMFN6pvPnvBNIu736fvQVehyE/JM3t60sAGSJnp+G2DoyIc0PxiA2qBwAAAAfjB8BgkqhkiG9w0BBwagbzBtAgEAMGgGCSqGSIb3DQEHATAeBglghkgBZQMEAS4wEQQMVBwIuQ0yctDf+CGxAgEQgDvBBNOwam8ot05aTv+14gYAuwCgiHQeLu5EBtzMFCya4tVr1rQ4D4Mx28vnN8NrY5GGtEDPT8dbD/yi/wIAAAAADAAAEAAAAAAAAAAAAAAAAACnx4FQv87Ht1fPxjMi/X8//////wAAAAEAAAAAAAAAAAAAAAEAAAAIa9mnBc8GZFs/4TEonkfJboNb7E6qPyiVAGcwZQIwEZuACVmEB17XOr6KpiGRrnbn22RCSBbLxrckDBI0ejeN1eC2mrs7mke0gYZwsWdRAjEAjvvBQHT+tIosABNDjT374ZgGV308F6q3OLu4BKgppV06ezCgw/Wk3yLW/CU08Q3t,AYADeKvHrd1eDLzhzLWhyFMZL8oAXwABABVhd3MtY3J5cHRvLXB1YmxpYy1rZXkAREF6WkN6czYxdXZRbHVBR3FzS0ZGV2dlZVpNbDMza2lBMzBGMEVMbXVpYTYxeEsrQXRyY3RLSHNVYllZQ3NwQmk1Zz09AAEAB2F3cy1rbXMAS2Fybjphd3M6a21zOnVzLWVhc3QtMTo2ODkzNTQzNzYzMDI6a2V5LzRlMGMxMGRkLTg2ZWYtNGU1OC1iZDk1LTgyNTcwOTM0MmYyMAC4AQIBAHi2EEOe0a0TvMFN6pvPnvBNIu736fvQVehyE/JM3t60sAGSJnp+G2DoyIc0PxiA2qBwAAAAfjB8BgkqhkiG9w0BBwagbzBtAgEAMGgGCSqGSIb3DQEHATAeBglghkgBZQMEAS4wEQQMVBwIuQ0yctDf+CGxAgEQgDvBBNOwam8ot05aTv+14gYAuwCgiHQeLu5EBtzMFCya4tVr1rQ4D4Mx28vnN8NrY5GGtEDPT8dbD/yi/wIAAAAADAAAEAAAAAAAAAAAAAAAAAA9r0i/w2DwNGtVIWrU+wdp/////wAAAAEAAAAAAAAAAAAAAAEAAAAGhVt5qOvq00OM6GXBY4ohOrMVsJoDnwBnMGUCMQDLyj0TXSul6CGO4rQxuiH4NQRqqiOK/sEbPs4Wr9HdCI5UNeWpRDz0xeD6ox/5/skCMACQIL1gY35ljov4Wof9X2HV2fin54E6RW6MrA7vMVx1Ltt+iPAG0HR4tp9VmxO+MQ==
AYADeIgINpHpInw26bN5IrEglvEAXwABABVhd3MtY3J5cHRvLXB1YmxpYy1rZXkAREF6WkN6czYxdXZRbHVBR3FzS0ZGV2dlZVpNbDMza2lBMzBGMEVMbXVpYTYxeEsrQXRyY3RLSHNVYllZQ3NwQmk1Zz09AAEAB2F3cy1rbXMAS2Fybjphd3M6a21zOnVzLWVhc3QtMTo2ODkzNTQzNzYzMDI6a2V5LzRlMGMxMGRkLTg2ZWYtNGU1OC1iZDk1LTgyNTcwOTM0MmYyMAC4AQIBAHi2EEOe0a0TvMFN6pvPnvBNIu736fvQVehyE/JM3t60sAGSJnp+G2DoyIc0PxiA2qBwAAAAfjB8BgkqhkiG9w0BBwagbzBtAgEAMGgGCSqGSIb3DQEHATAeBglghkgBZQMEAS4wEQQMVBwIuQ0yctDf+CGxAgEQgDvBBNOwam8ot05aTv+14gYAuwCgiHQeLu5EBtzMFCya4tVr1rQ4D4Mx28vnN8NrY5GGtEDPT8dbD/yi/wIAAAAADAAAEAAAAAAAAAAAAAAAAAAyi1Ol5QyycrTcyrHbKluH/////wAAAAEAAAAAAAAAAAAAAAEAAAAFD8Ubb/+1Y28Rk23KghcskNdTZy9dAGcwZQIwGQftLgylJw/Yz7xoHez40hKHxaDssmW/0gX9qj22+xGrawsUKMmLADFFRTEVuA8sAjEA1jh70WaVN8nOlnOn1dsneFuWxlYcKtzXET6tYPK1iTWCXkA8ZAO1UI8ND3AVxuzd,AYADePFMaVQ/faCW/kd0Z26G3r8AXwABABVhd3MtY3J5cHRvLXB1YmxpYy1rZXkAREF6WkN6czYxdXZRbHVBR3FzS0ZGV2dlZVpNbDMza2lBMzBGMEVMbXVpYTYxeEsrQXRyY3RLSHNVYllZQ3NwQmk1Zz09AAEAB2F3cy1rbXMAS2Fybjphd3M6a21zOnVzLWVhc3QtMTo2ODkzNTQzNzYzMDI6a2V5LzRlMGMxMGRkLTg2ZWYtNGU1OC1iZDk1LTgyNTcwOTM0MmYyMAC4AQIBAHi2EEOe0a0TvMFN6pvPnvBNIu736fvQVehyE/JM3t60sAGSJnp+G2DoyIc0PxiA2qBwAAAAfjB8BgkqhkiG9w0BBwagbzBtAgEAMGgGCSqGSIb3DQEHATAeBglghkgBZQMEAS4wEQQMVBwIuQ0yctDf+CGxAgEQgDvBBNOwam8ot05aTv+14gYAuwCgiHQeLu5EBtzMFCya4tVr1rQ4D4Mx28vnN8NrY5GGtEDPT8dbD/yi/wIAAAAADAAAEAAAAAAAAAAAAAAAAAD1/2/3Xvh1QESGJCJT8XqE/////wAAAAEAAAAAAAAAAAAAAAEAAAAGSUW6kWXn4TSj09Xxsb9ocTb4tpjcLABnMGUCMQDaRNVuK/sAmyDEZFgwc5EtCweNGRnto3JMP4JPMwY1W81onQyRnHGvOe6h3aQ4a/YCMFJlbqvvrCD813WCACY9oFogesD+WaSUwVD/o8nDFcTzF4EpcnTtj8ygxO7wE/qPJw==
AYADeA9zGjId9YYq5qgH9o5MqxIAXwABABVhd3MtY3J5cHRvLXB1YmxpYy1rZXkAREF6WkN6czYxdXZRbHVBR3FzS0ZGV2dlZVpNbDMza2lBMzBGMEVMbXVpYTYxeEsrQXRyY3RLSHNVYllZQ3NwQmk1Zz09AAEAB2F3cy1rbXMAS2Fybjphd3M6a21zOnVzLWVhc3QtMTo2ODkzNTQzNzYzMDI6a2V5LzRlMGMxMGRkLTg2ZWYtNGU1OC1iZDk1LTgyNTcwOTM0MmYyMAC4AQIBAHi2EEOe0a0TvMFN6pvPnvBNIu736fvQVehyE/JM3t60sAGSJnp+G2DoyIc0PxiA2qBwAAAAfjB8BgkqhkiG9w0BBwagbzBtAgEAMGgGCSqGSIb3DQEHATAeBglghkgBZQMEAS4wEQQMVBwIuQ0yctDf+CGxAgEQgDvBBNOwam8ot05aTv+14gYAuwCgiHQeLu5EBtzMFCya4tVr1rQ4D4Mx28vnN8NrY5GGtEDPT8dbD/yi/wIAAAAADAAAEAAAAAAAAAAAAAAAAABRlP6LnCRm2FPxiwBMiMCq/////wAAAAEAAAAAAAAAAAAAAAEAAAAIQkTk0lCLFKdPtRvanSVWkYk5t9rZu52EAGcwZQIxANMFQ+B+heAFw9wY4v64uxqZox9as/ICWm0V1KxvckSeudVP/O9qt5LUyTIAK1WYwAIwI73f1CV2DWDepqOnfCilOF6ylwIaRuIgyXO+F3PO6bAw8eMNWWLWNaI313rOgce+,AYADeO7l6klejP2VJMFK9nsYNK4AXwABABVhd3MtY3J5cHRvLXB1YmxpYy1rZXkAREF6WkN6czYxdXZRbHVBR3FzS0ZGV2dlZVpNbDMza2lBMzBGMEVMbXVpYTYxeEsrQXRyY3RLSHNVYllZQ3NwQmk1Zz09AAEAB2F3cy1rbXMAS2Fybjphd3M6a21zOnVzLWVhc3QtMTo2ODkzNTQzNzYzMDI6a2V5LzRlMGMxMGRkLTg2ZWYtNGU1OC1iZDk1LTgyNTcwOTM0MmYyMAC4AQIBAHi2EEOe0a0TvMFN6pvPnvBNIu736fvQVehyE/JM3t60sAGSJnp+G2DoyIc0PxiA2qBwAAAAfjB8BgkqhkiG9w0BBwagbzBtAgEAMGgGCSqGSIb3DQEHATAeBglghkgBZQMEAS4wEQQMVBwIuQ0yctDf+CGxAgEQgDvBBNOwam8ot05aTv+14gYAuwCgiHQeLu5EBtzMFCya4tVr1rQ4D4Mx28vnN8NrY5GGtEDPT8dbD/yi/wIAAAAADAAAEAAAAAAAAAAAAAAAAABT7WSLCFl00Wx3t47sXZ9B/////wAAAAEAAAAAAAAAAAAAAAEAAAAGpON8NO569erRMu/bRp+89np7UWZGBQBnMGUCMHrFYb71yu7CJ1Tt8cOAtNiRbkUL+aaUfKunmXs6PZfTKBNk/gUqHTyAoETGoGnrZAIxAIMjl/jTKPwCgEoKmGBqnw/yZRxfAvfQYCRnq5st/BrPwyKeVN9uEygmsOdiD16+mw==
AYADeMGaURVNmvzJo10c9Z2OjLQAXwABABVhd3MtY3J5cHRvLXB1YmxpYy1rZXkAREF6WkN6czYxdXZRbHVBR3FzS0ZGV2dlZVpNbDMza2lBMzBGMEVMbXVpYTYxeEsrQXRyY3RLSHNVYllZQ3NwQmk1Zz09AAEAB2F3cy1rbXMAS2Fybjphd3M6a21zOnVzLWVhc3QtMTo2ODkzNTQzNzYzMDI6a2V5LzRlMGMxMGRkLTg2ZWYtNGU1OC1iZDk1LTgyNTcwOTM0MmYyMAC4AQIBAHi2EEOe0a0TvMFN6pvPnvBNIu736fvQVehyE/JM3t60sAGSJnp+G2DoyIc0PxiA2qBwAAAAfjB8BgkqhkiG9w0BBwagbzBtAgEAMGgGCSqGSIb3DQEHATAeBglghkgBZQMEAS4wEQQMVBwIuQ0yctDf+CGxAgEQgDvBBNOwam8ot05aTv+14gYAuwCgiHQeLu5EBtzMFCya4tVr1rQ4D4Mx28vnN8NrY5GGtEDPT8dbD/yi/wIAAAAADAAAEAAAAAAAAAAAAAAAAAC5m04QzjAx4M9cvQE1nBpG/////wAAAAEAAAAAAAAAAAAAAAEAAAAHWrIfeT5LLJXFULr4thGWixDsSeIQ1zUAZzBlAjA+03uYuD7+IHXPAEkJN/5s/VYEzzYb6/ByEIMuz+56tudBlvIakU0CKyQN3OvuP+MCMQCGN3H2uH26TDQ1aq0ZfbEaUMhmT+YGuX8k0icxTRS3uVO0j3CyhTp1RmCKyh8EWtk=,AYADeNUhAGs+e5OGXlRYKXzn0t8AXwABABVhd3MtY3J5cHRvLXB1YmxpYy1rZXkAREF6WkN6czYxdXZRbHVBR3FzS0ZGV2dlZVpNbDMza2lBMzBGMEVMbXVpYTYxeEsrQXRyY3RLSHNVYllZQ3NwQmk1Zz09AAEAB2F3cy1rbXMAS2Fybjphd3M6a21zOnVzLWVhc3QtMTo2ODkzNTQzNzYzMDI6a2V5LzRlMGMxMGRkLTg2ZWYtNGU1OC1iZDk1LTgyNTcwOTM0MmYyMAC4AQIBAHi2EEOe0a0TvMFN6pvPnvBNIu736fvQVehyE/JM3t60sAGSJnp+G2DoyIc0PxiA2qBwAAAAfjB8BgkqhkiG9w0BBwagbzBtAgEAMGgGCSqGSIb3DQEHATAeBglghkgBZQMEAS4wEQQMVBwIuQ0yctDf+CGxAgEQgDvBBNOwam8ot05aTv+14gYAuwCgiHQeLu5EBtzMFCya4tVr1rQ4D4Mx28vnN8NrY5GGtEDPT8dbD/yi/wIAAAAADAAAEAAAAAAAAAAAAAAAAAAxlJpyArrsxjFhviKq6/bg/////wAAAAEAAAAAAAAAAAAAAAEAAAAETB/P9c8DsAQImnH4MmrRdTXDPNMAZzBlAjEAtnzSLToXi1XuFgdaghB+OpJIx41Duhw+6akjRRKUEe+papXB7FT7tkpcKduFpXnMAjAfbOZMqiRy5qimd+WWY2XEleugLEDp/FxMMaWnVpc1JVmuWXYGZxjC23X9II2N8kU=
AYADeEg4HUoLQ6m5g75j1GicpkMAXwABABVhd3MtY3J5cHRvLXB1YmxpYy1rZXkAREF6WkN6czYxdXZRbHVBR3FzS0ZGV2dlZVpNbDMza2lBMzBGMEVMbXVpYTYxeEsrQXRyY3RLSHNVYllZQ3NwQmk1Zz09AAEAB2F3cy1rbXMAS2Fybjphd3M6a21zOnVzLWVhc3QtMTo2ODkzNTQzNzYzMDI6a2V5LzRlMGMxMGRkLTg2ZWYtNGU1OC1iZDk1LTgyNTcwOTM0MmYyMAC4AQIBAHi2EEOe0a0TvMFN6pvPnvBNIu736fvQVehyE/JM3t60sAGSJnp+G2DoyIc0PxiA2qBwAAAAfjB8BgkqhkiG9w0BBwagbzBtAgEAMGgGCSqGSIb3DQEHATAeBglghkgBZQMEAS4wEQQMVBwIuQ0yctDf+CGxAgEQgDvBBNOwam8ot05aTv+14gYAuwCgiHQeLu5EBtzMFCya4tVr1rQ4D4Mx28vnN8NrY5GGtEDPT8dbD/yi/wIAAAAADAAAEAAAAAAAAAAAAAAAAAAi+44/b3oXH89MQ0w6VBx6/////wAAAAEAAAAAAAAAAAAAAAEAAAAHgGwFD54LvdoEG27p9ZJ5PjkqiHyc8ecAZzBlAjEA/cHF7iOAZjJI7VFvmfrjVGU6BKejgeG8bfacJtVtC7PXeAjEviFUFeUkR3Uu7XpdAjA0LmDUDhQy3t5dpX4o380+qYCRymquYoWprwQYmTeegJM+B/ajsUPa2RqGINTDf6I=,AYADeAYw8xHetBUDnReBSAkKFaMAXwABABVhd3MtY3J5cHRvLXB1YmxpYy1rZXkAREF6WkN6czYxdXZRbHVBR3FzS0ZGV2dlZVpNbDMza2lBMzBGMEVMbXVpYTYxeEsrQXRyY3RLSHNVYllZQ3NwQmk1Zz09AAEAB2F3cy1rbXMAS2Fybjphd3M6a21zOnVzLWVhc3QtMTo2ODkzNTQzNzYzMDI6a2V5LzRlMGMxMGRkLTg2ZWYtNGU1OC1iZDk1LTgyNTcwOTM0MmYyMAC4AQIBAHi2EEOe0a0TvMFN6pvPnvBNIu736fvQVehyE/JM3t60sAGSJnp+G2DoyIc0PxiA2qBwAAAAfjB8BgkqhkiG9w0BBwagbzBtAgEAMGgGCSqGSIb3DQEHATAeBglghkgBZQMEAS4wEQQMVBwIuQ0yctDf+CGxAgEQgDvBBNOwam8ot05aTv+14gYAuwCgiHQeLu5EBtzMFCya4tVr1rQ4D4Mx28vnN8NrY5GGtEDPT8dbD/yi/wIAAAAADAAAEAAAAAAAAAAAAAAAAABfGvDKbUNUnVfG2wxtnFMt/////wAAAAEAAAAAAAAAAAAAAAEAAAAGbtAqk66EXLLrw+nOnlcPaNappvMZ9wBnMGUCMFAGm3igE9zQ7reWYgCLIfX/MT84nfb4f1XuRT/HIP5Bw1S+Ogt3j6idNdDg0sByUgIxAJ3Sko2vOCX8nFEEtC79FSMA7pgKUApQkKbF9lB0SqWJV78Zip+EMsoXyDHuFCDCMg==
AYADeJdCenBnsD02Bj3PFFmYfLYAXwABABVhd3MtY3J5cHRvLXB1YmxpYy1rZXkAREF6WkN6czYxdXZRbHVBR3FzS0ZGV2dlZVpNbDMza2lBMzBGMEVMbXVpYTYxeEsrQXRyY3RLSHNVYllZQ3NwQmk1Zz09AAEAB2F3cy1rbXMAS2Fybjphd3M6a21zOnVzLWVhc3QtMTo2ODkzNTQzNzYzMDI6a2V5LzRlMGMxMGRkLTg2ZWYtNGU1OC1iZDk1LTgyNTcwOTM0MmYyMAC4AQIBAHi2EEOe0a0TvMFN6pvPnvBNIu736fvQVehyE/JM3t60sAGSJnp+G2DoyIc0PxiA2qBwAAAAfjB8BgkqhkiG9w0BBwagbzBtAgEAMGgGCSqGSIb3DQEHATAeBglghkgBZQMEAS4wEQQMVBwIuQ0yctDf+CGxAgEQgDvBBNOwam8ot05aTv+14gYAuwCgiHQeLu5EBtzMFCya4tVr1rQ4D4Mx28vnN8NrY5GGtEDPT8dbD/yi/wIAAAAADAAAEAAAAAAAAAAAAAAAAACC8TE29IosD9X7Jm02fKRV/////wAAAAEAAAAAAAAAAAAAAAEAAAAG05tW7Au5J4YRIogr80w8GXDt3j7cxgBnMGUCMQDWvSu9JKYZ/ospLgRfNMUsTNPfp91d2iUsqRuq8F2RcE8b1kYx9q62zRVwvb6W5fYCMEDl1piZIOx92U1WyprVzGyukqYguGclWw3q2JyjH1Qdw+yg/33mMJaDdyqnwZYfqA==,AYADeCMG61y3n9TvtI5oNKLAKYUAXwABABVhd3MtY3J5cHRvLXB1YmxpYy1rZXkAREF6WkN6czYxdXZRbHVBR3FzS0ZGV2dlZVpNbDMza2lBMzBGMEVMbXVpYTYxeEsrQXRyY3RLSHNVYllZQ3NwQmk1Zz09AAEAB2F3cy1rbXMAS2Fybjphd3M6a21zOnVzLWVhc3QtMTo2ODkzNTQzNzYzMDI6a2V5LzRlMGMxMGRkLTg2ZWYtNGU1OC1iZDk1LTgyNTcwOTM0MmYyMAC4AQIBAHi2EEOe0a0TvMFN6pvPnvBNIu736fvQVehyE/JM3t60sAGSJnp+G2DoyIc0PxiA2qBwAAAAfjB8BgkqhkiG9w0BBwagbzBtAgEAMGgGCSqGSIb3DQEHATAeBglghkgBZQMEAS4wEQQMVBwIuQ0yctDf+CGxAgEQgDvBBNOwam8ot05aTv+14gYAuwCgiHQeLu5EBtzMFCya4tVr1rQ4D4Mx28vnN8NrY5GGtEDPT8dbD/yi/wIAAAAADAAAEAAAAAAAAAAAAAAAAABiJHcsuBGaxghpT69CP4mw/////wAAAAEAAAAAAAAAAAAAAAEAAAAFvNCVYT0oRO+6pC+aX812//fQXvY1AGcwZQIxAJMsQLwGSs5XnBsCW9rSed7J6J8RhMBwKU5Zkyfn3TDdzZw5rdfdkmjSdp6wttrv9gIwOgUuEjpnVT89+PaBNvuTVB4+gHlKUFTdCRYFNf9dR6nxv42gL9zrt2tICY6IuBv/
AYADeAW2vVCmDcrx01NDXYKDwc4AXwABABVhd3MtY3J5cHRvLXB1YmxpYy1rZXkAREF6WkN6czYxdXZRbHVBR3FzS0ZGV2dlZVpNbDMza2lBMzBGMEVMbXVpYTYxeEsrQXRyY3RLSHNVYllZQ3NwQmk1Zz09AAEAB2F3cy1rbXMAS2Fybjphd3M6a21zOnVzLWVhc3QtMTo2ODkzNTQzNzYzMDI6a2V5LzRlMGMxMGRkLTg2ZWYtNGU1OC1iZDk1LTgyNTcwOTM0MmYyMAC4AQIBAHi2EEOe0a0TvMFN6pvPnvBNIu736fvQVehyE/JM3t60sAGSJnp+G2DoyIc0PxiA2qBwAAAAfjB8BgkqhkiG9w0BBwagbzBtAgEAMGgGCSqGSIb3DQEHATAeBglghkgBZQMEAS4wEQQMVBwIuQ0yctDf+CGxAgEQgDvBBNOwam8ot05aTv+14gYAuwCgiHQeLu5EBtzMFCya4tVr1rQ4D4Mx28vnN8NrY5GGtEDPT8dbD/yi/wIAAAAADAAAEAAAAAAAAAAAAAAAAABwSiGnvB6w0BgnOcWKVfBv/////wAAAAEAAAAAAAAAAAAAAAEAAAAI+LUCKBLBNMYWeETa7Vl1vUtmLeJYiFhwAGcwZQIwP6qeddBZJAHRMR/AZa7HQLUA81av74CYmkCZI+ChmAwIG7Iw6fYSODDrxMnpp0/bAjEA/hNz0GQ2p52yf3LmWTfQ17E3dxQoNQuNi6CEqmCWj93p2QXay11KZUvDW5BH8EzS,AYADeC/4/BACsq+cMemEWENXjYUAXwABABVhd3MtY3J5cHRvLXB1YmxpYy1rZXkAREF6WkN6czYxdXZRbHVBR3FzS0ZGV2dlZVpNbDMza2lBMzBGMEVMbXVpYTYxeEsrQXRyY3RLSHNVYllZQ3NwQmk1Zz09AAEAB2F3cy1rbXMAS2Fybjphd3M6a21zOnVzLWVhc3QtMTo2ODkzNTQzNzYzMDI6a2V5LzRlMGMxMGRkLTg2ZWYtNGU1OC1iZDk1LTgyNTcwOTM0MmYyMAC4AQIBAHi2EEOe0a0TvMFN6pvPnvBNIu736fvQVehyE/JM3t60sAGSJnp+G2DoyIc0PxiA2qBwAAAAfjB8BgkqhkiG9w0BBwagbzBtAgEAMGgGCSqGSIb3DQEHATAeBglghkgBZQMEAS4wEQQMVBwIuQ0yctDf+CGxAgEQgDvBBNOwam8ot05aTv+14gYAuwCgiHQeLu5EBtzMFCya4tVr1rQ4D4Mx28vnN8NrY5GGtEDPT8dbD/yi/wIAAAAADAAAEAAAAAAAAAAAAAAAAADSG77Xo31zL+aRMUXPdnhv/////wAAAAEAAAAAAAAAAAAAAAEAAAAIvacQTeWgn9tSRCAxENc2AjDpsCMxpzjTAGcwZQIxAPErUKqNixw+Ev9MvaB4XLicbwtg284yYhHWc3h3JeLtn0mAbdmsDKtjf7bQUyo9qQIwTXM88TkQVtqj0JDDdAcNlnaixW7pWPS5IR3TQMK/20DNx8fbGdml8oLIm/ZV7v/3
AYADeN6t6UHHJKjlmPi79mzBlXYAXwABABVhd3MtY3J5cHRvLXB1YmxpYy1rZXkAREF6WkN6czYxdXZRbHVBR3FzS0ZGV2dlZVpNbDMza2lBMzBGMEVMbXVpYTYxeEsrQXRyY3RLSHNVYllZQ3NwQmk1Zz09AAEAB2F3cy1rbXMAS2Fybjphd3M6a21zOnVzLWVhc3QtMTo2ODkzNTQzNzYzMDI6a2V5LzRlMGMxMGRkLTg2ZWYtNGU1OC1iZDk1LTgyNTcwOTM0MmYyMAC4AQIBAHi2EEOe0a0TvMFN6pvPnvBNIu736fvQVehyE/JM3t60sAGSJnp+G2DoyIc0PxiA2qBwAAAAfjB8BgkqhkiG9w0BBwagbzBtAgEAMGgGCSqGSIb3DQEHATAeBglghkgBZQMEAS4wEQQMVBwIuQ0yctDf+CGxAgEQgDvBBNOwam8ot05aTv+14gYAuwCgiHQeLu5EBtzMFCya4tVr1rQ4D4Mx28vnN8NrY5GGtEDPT8dbD/yi/wIAAAAADAAAEAAAAAAAAAAAAAAAAAAzAZbBtH6RpDs+i8b60mtU/////wAAAAEAAAAAAAAAAAAAAAEAAAAFplrQ9rvoT7Sbo2mDIPl21DYOpVMGAGcwZQIxAIFFnJDA1trIaUbMEbRvoWZ9OAsssWN2TAfxqsbUjjFgNlfVqc+7SV91bJZCSwdWsQIwXQzHZOFlh6FrCrkimQySX02W1jtTbQ1r1Noczpfvpybn5QYhArw/iWt0234xOoii,AYADeAM1Hmx9/jB+MR78LOEKoK8AXwABABVhd3MtY3J5cHRvLXB1YmxpYy1rZXkAREF6WkN6czYxdXZRbHVBR3FzS0ZGV2dlZVpNbDMza2lBMzBGMEVMbXVpYTYxeEsrQXRyY3RLSHNVYllZQ3NwQmk1Zz09AAEAB2F3cy1rbXMAS2Fybjphd3M6a21zOnVzLWVhc3QtMTo2ODkzNTQzNzYzMDI6a2V5LzRlMGMxMGRkLTg2ZWYtNGU1OC1iZDk1LTgyNTcwOTM0MmYyMAC4AQIBAHi2EEOe0a0TvMFN6pvPnvBNIu736fvQVehyE/JM3t60sAGSJnp+G2DoyIc0PxiA2qBwAAAAfjB8BgkqhkiG9w0BBwagbzBtAgEAMGgGCSqGSIb3DQEHATAeBglghkgBZQMEAS4wEQQMVBwIuQ0yctDf+CGxAgEQgDvBBNOwam8ot05aTv+14gYAuwCgiHQeLu5EBtzMFCya4tVr1rQ4D4Mx28vnN8NrY5GGtEDPT8dbD/yi/wIAAAAADAAAEAAAAAAAAAAAAAAAAAAIxsO218t1HcqFX2VNlWus/////wAAAAEAAAAAAAAAAAAAAAEAAAAHRhWRgIOl+aLdiwVwpmscCZlLc04x3dsAZzBlAjBHp3ql6u+6BIJNb2Ryjr5tJt0uQ4B6Jv/pYAl/QoDK0JsmenSEs4Y4BZcH4N6XN7QCMQCbh1eegDNcDr12mOtNQOd2umPm9SrAmw0nx7/YwgluXdj327lsEiXPJMtt0ZfoP3M=